food_name,calories,carbohydrates,protein,fat
scrambled eggs (2 large),180.0,2.0,12.0,14.0
whole wheat toast (1 slice),80.0,14.0,4.0,1.0
coffee (black),5.0,0.0,0.3,0.1
banana,105.0,27.0,1.3,0.4
grilled chicken salad,350.0,10.0,30.0,20.0
apple,95.0,25.0,0.5,0.3
salmon (4oz grilled),230.0,0.0,25.0,14.0
quinoa (1 cup cooked),222.0,39.0,8.0,3.6
steamed broccoli (1 cup),55.0,11.2,3.7,0.6
greek yogurt (plain 1 cup),150.0,8.0,25.0,3.0
oatmeal (1 cup cooked),160.0,28.0,6.0,3.0
blueberries (1/2 cup),42.0,11.0,0.5,0.2
almonds (1 oz),164.0,6.0,6.0,14.0
turkey sandwich (on wheat),340.0,34.0,22.0,12.0
carrot sticks (1 cup),52.0,12.3,1.2,0.3
spaghetti bolognese,460.0,55.0,20.0,18.0
side salad (light dressing),70.0,8.0,2.0,4.0
protein shake (whey),120.0,3.0,24.0,1.0
cereal (frosted flakes 1 cup),130.0,31.0,2.0,0.0
lentil soup (1 can),230.0,35.0,15.0,3.0
white rice (1 cup cooked),204.0,44.5,4.2,0.4
tofu stir-fry,400.0,30.0,18.0,22.0
orange,62.0,15.4,1.2,0.2
bagel (plain),270.0,55.0,11.0,1.5
cream cheese (2 tbsp),100.0,2.0,2.0,10.0
tuna salad (1/2 cup),190.0,2.0,19.0,12.0
crackers (5 whole wheat),90.0,14.0,2.0,3.0
beef steak (6oz sirloin),270.0,0.0,42.0,10.0
baked potato (medium),160.0,36.0,4.3,0.2
ice cream (1/2 cup vanilla),145.0,17.0,2.5,7.5
pizza (1 slice pepperoni),290.0,34.0,12.0,12.0
avocado toast (1 slice),260.0,28.0,7.0,15.0
hard-boiled egg (1 large),78.0,0.6,6.3,5.3
chicken wrap (with tortilla),410.0,38.0,25.0,17.0
grapes (1 cup),104.0,27.0,1.1,0.2
cottage cheese (1/2 cup),90.0,5.0,12.0,3.0
burger (cheeseburger),550.0,40.0,30.0,30.0
french fries (medium),340.0,44.0,4.0,17.0
protein bar,210.0,22.0,20.0,7.0
black beans (1/2 cup),114.0,20.4,7.6,0.5
salsa (1/4 cup),20.0,4.5,0.8,0.1
chicken noodle soup (1 can),150.0,18.0,7.0,5.0
peanut butter (2 tbsp),190.0,8.0,7.0,16.0
celery sticks (1 cup),14.0,3.0,0.6,0.2
cod (4oz baked),95.0,0.0,20.0,0.8
green beans (1 cup),31.0,7.0,1.8,0.2
chocolate chip cookie (1 large),220.0,30.0,2.5,11.0
shrimp (3oz steamed),84.0,0.2,20.0,0.2
pancakes (2 medium),180.0,30.0,5.0,5.0
maple syrup (2 tbsp),104.0,27.0,0.0,0.0
sausage link (1 cooked),85.0,1.0,5.0,7.0
smoothie (fruit & yogurt),280.0,55.0,12.0,3.0
tofu (4oz firm),90.0,3.0,10.0,5.0
brown rice (1 cup cooked),215.0,45.0,5.0,1.8
bell pepper (1 medium red),31.0,6.0,1.2,0.3
hummus (2 tbsp),70.0,4.0,2.0,5.0
pita bread (1 whole wheat),170.0,35.0,6.0,1.5
pork chop (4oz grilled),220.0,0.0,30.0,10.0
mashed potatoes (1 cup),230.0,35.0,4.0,8.0
corn (1 cup),132.0,30.0,4.7,1.8
soda (1 can coke),140.0,39.0,0.0,0.0
pretzels (1 oz),110.0,23.0,3.0,1.0
cheddar cheese (1 oz),115.0,1.0,7.0,9.5
caesar salad (with chicken),470.0,15.0,30.0,30.0
orange juice (1 cup),112.0,25.8,1.7,0.5
bacon (2 slices cooked),86.0,0.2,6.0,6.8
waffles (2 homemade),220.0,28.0,6.0,9.0
pear,101.0,27.0,0.6,0.2
chicken breast (4oz roasted),185.0,0.0,35.0,4.0
mixed nuts (1/4 cup),200.0,8.0,6.0,18.0
tilapia (4oz baked),110.0,0.0,22.0,2.5
asparagus (1 cup steamed),40.0,7.4,4.3,0.4
sweet potato (1 medium baked),103.0,23.6,2.3,0.2
popcorn (3 cups air-popped),93.0,18.6,3.0,1.1
raisins (1/4 cup),130.0,34.0,1.3,0.2
macaroni & cheese (1 cup),350.0,40.0,10.0,17.0
tomato soup (1 can),170.0,25.0,4.0,6.0
grilled cheese sandwich,390.0,32.0,15.0,22.0
beef tacos (2 hard shell),380.0,28.0,18.0,22.0
refried beans (1/2 cup),115.0,19.0,7.0,1.0
guacamole (1/4 cup),90.0,4.0,1.0,8.0
watermelon (1 cup diced),46.0,11.5,0.9,0.2
english muffin (whole wheat),134.0,26.0,6.0,1.0
peanut butter & jelly sandwich,390.0,50.0,12.0,17.0
clam chowder (1 cup),200.0,18.0,10.0,9.0
iced tea (sweetened 16oz),180.0,46.0,0.0,0.0
lasagna (1 serving meat),350.0,30.0,20.0,17.0
garlic bread (1 slice),150.0,18.0,4.0,7.0
chocolate milk (1 cup),200.0,26.0,8.0,8.0
white bread (1 slice),70.0,13.0,2.0,1.0
jelly (1 tbsp grape),50.0,13.0,0.0,0.0
veggie burger (1 patty),120.0,10.0,11.0,4.0
bun (hamburger),140.0,26.0,4.0,2.0
ketchup (1 tbsp),20.0,5.0,0.2,0.1
muffin (blueberry 1 large),380.0,55.0,5.0,16.0
coffee (with cream/sugar),50.0,5.0,0.5,3.0
potato chips (1 oz),160.0,15.0,2.0,10.0
tzatziki sauce (2 tbsp),30.0,2.0,1.5,2.0
scallops (3oz seared),95.0,5.0,17.0,1.0
risotto (mushroom 1 cup),250.0,35.0,7.0,9.0
caprese salad,240.0,8.0,10.0,18.0
balsamic vinaigrette (2 tbsp),90.0,3.0,0.0,9.0
cherries (1 cup),77.0,19.0,1.6,0.5
turkey bacon (2 slices),70.0,1.0,6.0,5.0
grits (1 cup cooked),150.0,32.0,3.0,1.0
butter (1 tbsp),100.0,0.0,0.1,11.0
meatball sub (6 inch),580.0,55.0,28.0,27.0
kiwifruit (1 medium),46.0,11.1,0.9,0.4
beef jerky (1 oz),116.0,3.1,9.4,7.2
figs (2 medium),74.0,19.2,0.6,0.3
lobster (3oz steamed),76.0,0.0,16.0,0.7
melted butter (for lobster),200.0,0.0,0.2,22.0
corn on the cob (1 large),125.0,29.0,5.0,1.5
vegetable soup (1 can),140.0,22.0,4.0,4.0
saltine crackers (5 crackers),60.0,10.0,1.0,1.5
mango (1 cup slices),99.0,24.7,1.4,0.6
cheesecake (1 slice),320.0,28.0,5.0,21.0
pad thai (chicken 1.5 cups),550.0,60.0,25.0,22.0
spring roll (veg 2 rolls),180.0,25.0,4.0,7.0
coconut water (1 cup),46.0,8.9,1.7,0.5
kimchi (1/2 cup),22.0,4.0,1.7,0.4
sashimi (salmon 3 pcs),120.0,0.0,18.0,5.0
wasabi (1 tsp),10.0,2.2,0.1,0.1
seaweed salad (1/2 cup),60.0,8.0,2.0,3.0
french onion soup (1 cup),150.0,15.0,6.0,7.0
croutons (1/4 cup),50.0,7.0,1.5,2.0
shepherd's pie (1 serving),400.0,35.0,20.0,20.0
green peas (1/2 cup),62.0,11.1,4.1,0.2
apple pie (1 slice),410.0,58.0,3.0,19.0
gin & tonic (1 drink),170.0,13.0,0.0,0.0
red wine (5 oz glass),125.0,3.8,0.1,0.0
halibut (4oz baked),125.0,0.0,24.0,2.5
quinoa salad (1 cup),260.0,32.0,9.0,12.0
lemonade (1 cup),99.0,26.0,0.1,0.0
pistachios (1 oz shelled),159.0,7.7,5.7,12.8
oat milk (1 cup),120.0,16.0,3.0,5.0
biscuits and gravy (1 serving),480.0,45.0,10.0,28.0
avocado (1/2 fruit),160.0,8.5,2.0,14.7
corn flakes (1 cup),100.0,24.0,2.0,0.0
t-bone steak (6oz),460.0,0.0,38.0,33.0
creamed spinach (1/2 cup),190.0,8.0,5.0,16.0
pecans (1 oz),196.0,3.9,2.6,20.4
fruit cocktail (canned 1 cup),110.0,28.0,1.0,0.0
ramen (instant 1 pack),380.0,53.0,9.0,14.0
mocha latte (16oz),360.0,48.0,12.0,15.0
cucumber slices (1 cup),16.0,3.6,0.7,0.1
feta cheese (1 oz),75.0,1.2,4.0,6.1
olives (kalamata 5 large),35.0,1.0,0.2,3.5
chicken alfredo (1.5 cups),680.0,45.0,35.0,38.0
breadstick (1 large),160.0,28.0,4.0,3.0
cobb salad,510.0,12.0,30.0,38.0
blue cheese dressing (2 tbsp),150.0,2.0,1.0,16.0
mandarin orange (1 medium),37.0,9.3,0.6,0.2
cashews (1 oz roasted),163.0,9.2,4.3,13.1
eggo waffle (2 waffles),180.0,30.0,4.0,5.0
diet soda (1 can),0.0,0.0,0.0,0.0
pulled pork sandwich,480.0,48.0,25.0,20.0
macadamia nuts (1 oz),204.0,3.9,2.2,21.5
crab cakes (2 medium),340.0,18.0,20.0,20.0
tartar sauce (2 tbsp),60.0,2.0,0.2,5.5
lemon bar (1 square),150.0,22.0,1.5,6.0
almond milk (unsweetened 1 cup),30.0,1.0,1.0,2.5
rice krispies (1.5 cups),160.0,37.0,3.0,0.5
sugar (1 tsp for cereal),16.0,4.0,0.0,0.0
tuna (canned 3oz in water),90.0,0.0,20.0,1.0
mayonnaise (1 tbsp),90.0,0.1,0.1,10.0
pickle (1 spear dill),5.0,1.0,0.2,0.1
lobster bisque (1 cup),250.0,12.0,8.0,18.0
reuben sandwich,650.0,35.0,28.0,40.0
sauerkraut (1/4 cup side),7.0,1.5,0.3,0.0
mushroom (white 1 cup sliced),15.0,2.3,2.2,0.2
soy milk (original 1 cup),110.0,9.0,8.0,4.5
chicken tikka masala (1.5 cups),480.0,20.0,30.0,30.0
naan bread (1 piece),260.0,45.0,8.0,5.0
cucumber salad (1/2 cup),40.0,5.0,1.0,2.0
vodka soda (1 drink),100.0,0.0,0.0,0.0
chocolate croissant,350.0,40.0,6.0,19.0
sweet & sour chicken (1 cup),380.0,45.0,18.0,15.0
egg drop soup (1 cup),65.0,6.0,5.0,2.0
string cheese (1 stick),80.0,1.0,6.0,6.0
turkey burger (1 patty),160.0,2.0,22.0,8.0
potato salad (1/2 cup),180.0,19.0,2.0,11.0
cranberry juice (1 cup),130.0,33.0,0.0,0.0
chicken piccata (1 serving),350.0,10.0,30.0,20.0
angel hair pasta (1 cup),200.0,42.0,7.0,1.0
olive oil (1 tbsp),120.0,0.0,0.0,14.0
garlic (1 clove),4.0,0.9,0.2,0.0
salami (3 slices),110.0,1.0,6.0,9.0
provolone cheese (1 slice),100.0,1.0,7.0,8.0
ginger ale (1 can),124.0,32.0,0.0,0.0
shrimp scampi (1 cup),380.0,40.0,22.0,15.0
tiramisu (1 slice),450.0,42.0,7.0,28.0
cereal bar (fruit),140.0,30.0,2.0,3.0
veal parmesan (1 serving),550.0,30.0,40.0,30.0
spaghetti (side),100.0,21.0,3.5,0.5
hot chocolate (1 cup),200.0,30.0,3.0,8.0
coconut shrimp (5 pcs),320.0,25.0,10.0,20.0
sweet chili sauce (2 tbsp),70.0,17.0,0.0,0.0
white wine (5 oz glass),121.0,3.8,0.1,0.0
trail mix (1/4 cup),190.0,20.0,5.0,12.0
onion rings (6 rings),280.0,30.0,4.0,16.0
poached egg (1 large),72.0,0.4,6.3,4.8
canadian bacon (2 slices),80.0,1.0,12.0,3.0
eggs benedict (1 serving),600.0,30.0,25.0,40.0
hollandaise sauce (2 tbsp),110.0,0.5,1.0,12.0
spinach artichoke dip (1/4 cup),160.0,6.0,5.0,14.0
tortilla chips (1 oz),140.0,19.0,2.0,7.0
chicken kebab (2 skewers),280.0,8.0,30.0,14.0
bell peppers & onions (sautéed),60.0,10.0,1.5,2.0
hummus wrap (large),450.0,60.0,15.0,18.0
kombucha (1 cup),30.0,7.0,0.0,0.0
beef stroganoff (1.5 cups),550.0,40.0,30.0,28.0
egg noodles (1 cup cooked),220.0,40.0,8.0,3.0
cottage cheese (1 cup low fat),160.0,6.0,28.0,2.5
tomato (1 medium sliced),22.0,4.8,1.1,0.2
black pepper (1 tsp),6.0,1.5,0.2,0.1
chocolate pudding (1/2 cup),150.0,28.0,2.0,4.0
mackerel (3oz cooked),175.0,0.0,16.0,12.0
collard greens (1 cup cooked),60.0,10.0,5.0,1.0
ham (3oz deli sliced),110.0,2.0,16.0,4.0
swiss cheese (1 slice),106.0,1.0,7.6,8.0
rye bread (1 slice),83.0,15.5,2.7,1.1
potato leek soup (1 cup),180.0,25.0,4.0,7.0
brie cheese (1 oz),95.0,0.1,6.0,7.9
water cracker (5 crackers),70.0,12.0,1.5,1.5
grapefruit (1/2 medium),52.0,13.2,1.1,0.2
veggie straws (1 oz),130.0,17.0,1.0,7.0
fish tacos (2 tacos),420.0,40.0,25.0,18.0
cabbage slaw (side),60.0,8.0,1.0,3.0
lime (juice of 1),11.0,3.7,0.2,0.0
beer (12 oz light),103.0,5.8,0.9,0.0
danish (cheese 1 medium),340.0,38.0,7.0,18.0
kefir (plain 1 cup),104.0,10.0,10.0,2.5
gnocchi (1 cup),210.0,45.0,4.5,1.5
pesto sauce (1/4 cup),260.0,4.0,5.0,26.0
pine nuts (1 tbsp),95.0,2.0,2.0,10.0
chai latte (12 oz),190.0,32.0,7.0,4.0
manicotti (2 shells cheese),380.0,35.0,20.0,18.0
italian sausage (1 link),200.0,3.0,12.0,16.0
jicama (1 cup sticks),46.0,10.6,0.9,0.1
chili powder (1 tsp),8.0,1.4,0.3,0.4
ants on a log (4 pcs),180.0,12.0,6.0,12.0
split pea soup (1 cup),180.0,30.0,11.0,2.0
ham & cheese croissant,400.0,35.0,15.0,22.0
espresso (double shot),5.0,0.0,0.5,0.1
ricotta cheese (1/4 cup),85.0,2.5,5.5,6.0
chicken & rice soup (1 can),130.0,18.0,7.0,3.0
salt (1/4 tsp),0.0,0.0,0.0,0.0
guava,68.0,14.3,2.6,0.9
club sandwich,580.0,40.0,35.0,30.0
pickle (1 whole dill),17.0,3.7,0.8,0.2
turkey chili (1 cup),250.0,25.0,22.0,7.0
sour cream (2 tbsp),60.0,1.3,0.8,5.8
shredded cheese (cheddar 1/4 cup),115.0,1.0,7.0,9.5
matcha latte (12 oz),180.0,28.0,6.0,5.0
chocolate donut (1 medium),300.0,35.0,4.0,17.0
tuna melt,450.0,32.0,25.0,25.0
apple cider (1 cup),117.0,29.0,0.1,0.3
beef burrito (large),650.0,70.0,30.0,28.0
pico de gallo (1/4 cup),15.0,3.0,0.5,0.0
corn tortilla (1 medium),52.0,11.2,1.4,0.7
mussels (3oz steamed),146.0,6.0,20.0,4.0
white wine sauce (1/4 cup),80.0,4.0,1.0,6.0
french bread (2 slices),180.0,36.0,6.0,1.0
blackberries (1 cup),62.0,13.8,2.0,0.7
cheese danish,340.0,38.0,7.0,18.0
chicken salad sandwich,420.0,35.0,20.0,20.0
soyrizo (2 oz),140.0,6.0,10.0,9.0
hash browns (1 cup),330.0,38.0,3.0,19.0
ketchup (1 packet),10.0,2.5,0.1,0.0
philly cheesesteak (6 inch),500.0,40.0,25.0,28.0
cheese whiz (2 tbsp),90.0,3.0,4.0,7.0
onions (sautéed 1/4 cup),30.0,5.0,0.5,1.0
raspberries (1 cup),64.0,14.7,1.5,0.8
cheesy grits (1 cup),210.0,34.0,6.0,6.0
collard greens (with ham hock),180.0,15.0,10.0,9.0
fried okra (1 cup),220.0,25.0,4.0,12.0
sweet tea (16 oz),180.0,46.0,0.0,0.0
gyro (1 sandwich),600.0,55.0,25.0,30.0
pita bread (white 1 large),220.0,45.0,7.0,2.0
baklava (1 piece),280.0,30.0,3.0,18.0
coconut (shredded 1/4 cup),110.0,4.5,1.0,10.5
s'more (1 serving),140.0,25.0,2.0,4.0
graham cracker (1 large rectangle),60.0,11.0,1.0,1.5
marshmallow (1 large),23.0,5.8,0.1,0.0
chocolate (hershey's bar 1 segment),25.0,3.0,0.3,1.5
chicken parm sandwich,650.0,55.0,40.0,30.0
mozzarella (1 slice),80.0,1.0,6.0,6.0
bread roll (hoagie),200.0,38.0,6.0,2.0
artichoke (1 medium steamed),60.0,13.4,4.2,0.2
mayonnaise (1 tbsp for dipping),90.0,0.1,0.1,10.0
calamari (fried 3oz),150.0,8.0,13.0,7.0
lemon wedge (for calamari),3.0,1.0,0.1,0.0
root beer (1 can),150.0,40.0,0.0,0.0
chicken mcnuggets (6 pcs),270.0,16.0,15.0,16.0
bbq sauce (2 tbsp),60.0,15.0,0.5,0.0
honey (1 tbsp),64.0,17.3,0.1,0.0
tofu scramble,250.0,8.0,20.0,16.0
turmeric (1 tsp),9.0,1.9,0.3,0.1
nutritional yeast (1 tbsp),20.0,2.0,3.0,0.0
seitan (3oz),90.0,4.0,18.0,1.0
vegetable broth (1 cup),15.0,3.0,1.0,0.0
mashed cauliflower (1 cup),140.0,12.0,5.0,8.0
peanut sauce (2 tbsp),80.0,4.0,2.0,6.0
tempeh (3oz),160.0,8.0,16.0,9.0
sauerkraut (1/2 cup),14.0,3.1,0.7,0.1
rye crispbread (2 slices),70.0,14.0,2.0,0.5
capers (1 tbsp),2.0,0.4,0.2,0.1
chicken liver (2 oz cooked),91.0,0.6,13.6,3.6
onion (1/2 cup raw chopped),32.0,7.5,0.9,0.1
bok choy (1 cup steamed),10.0,2.0,1.5,0.1
gummy bears (10 pcs),100.0,22.0,2.0,0.0
whiskey (1.5 oz shot),105.0,0.1,0.0,0.0
dates (2 medium medjool),133.0,36.0,0.8,0.1
tahini (1 tbsp),89.0,3.2,2.6,8.0
chickpeas (1/2 cup canned),135.0,22.0,7.0,2.0
lettuce (romaine 2 cups),16.0,3.0,1.0,0.3
italian dressing (2 tbsp),70.0,3.0,0.0,7.0
turkey sausage (1 patty),70.0,1.0,9.0,4.0
maple syrup (1 tbsp),52.0,13.5,0.0,0.0
quesadilla (cheese 1 medium),400.0,35.0,18.0,22.0
sour cream (1 tbsp),30.0,0.6,0.4,2.9
salsa (2 tbsp),10.0,2.0,0.5,0.0
red cabbage (1 cup raw),22.0,5.2,1.1,0.1
duck (3oz roasted),285.0,0.0,16.0,24.0
orange sauce (1/4 cup for duck),90.0,22.0,0.5,0.0
wild rice (1 cup cooked),166.0,35.0,6.5,0.6
cupcake (vanilla 1 medium),240.0,35.0,2.0,11.0
frosting (vanilla 2 tbsp),140.0,22.0,0.0,6.0
hot sauce (1 tsp tabasco),0.0,0.0,0.0,0.0
bison burger (1 patty),150.0,0.0,22.0,7.0
pretzel bun (1 medium),230.0,45.0,8.0,2.0
spicy mustard (1 tbsp),10.0,1.0,0.5,0.5
pasta salad (1 cup),280.0,30.0,8.0,14.0
pepperoncini (2 peppers),10.0,2.0,0.5,0.0
coconut milk (1/4 cup canned),111.0,2.9,1.1,11.6
green curry paste (1 tbsp),30.0,2.0,0.5,2.5
chicken thigh (1 roasted),210.0,0.0,24.0,13.0
jasmine rice (1 cup cooked),205.0,45.0,4.3,0.4
thai iced tea (1 glass),250.0,35.0,3.0,12.0
papaya (1 cup cubes),62.0,15.7,0.6,0.4
lime juice (1 tbsp),4.0,1.3,0.1,0.0
macaroni salad (1 cup),380.0,30.0,8.0,25.0
celery (1 stalk),6.0,1.2,0.3,0.1
blue cheese (1 oz),100.0,0.7,6.0,8.0
dark chocolate (1 oz 70%),170.0,13.0,2.2,12.0
acai bowl (1 serving),350.0,60.0,5.0,12.0
granola (1/4 cup topping),120.0,15.0,3.0,6.0
coconut flakes (1 tbsp topping),35.0,1.5,0.3,3.3
honey (1 tsp drizzle),21.0,5.8,0.0,0.0
shrimp cocktail (4 large shrimp),60.0,1.0,10.0,1.0
cocktail sauce (2 tbsp),30.0,7.0,0.5,0.0
pork bun (1 steamed),220.0,30.0,8.0,8.0
dim sum (siu mai 3 pcs),180.0,10.0,12.0,10.0
soy sauce (1 tbsp for dipping),9.0,1.0,1.0,0.0
oyster (1 medium raw),8.0,0.5,1.0,0.2
mignonette sauce (1 tbsp),5.0,1.0,0.0,0.0
beef pho (1 large bowl),450.0,55.0,30.0,12.0
bean sprouts (1/4 cup garnish),8.0,1.5,0.8,0.1
thai basil (garnish),1.0,0.0,0.1,0.0
lime wedge (garnish),3.0,1.0,0.1,0.0
jalapeno (1 tbsp sliced),4.0,0.8,0.1,0.1
hoisin sauce (1 tbsp),35.0,8.0,0.3,0.2
sriracha (1 tsp),5.0,1.0,0.1,0.1
crepe (1 plain),90.0,14.0,3.5,2.0
nutella (1 tbsp),100.0,11.0,1.5,6.0
powdered sugar (1 tsp),10.0,2.5,0.0,0.0
sake (3 oz),117.0,3.8,0.4,0.0
edamame (in pod 1 cup),120.0,9.0,11.0,5.0
sea salt (coarse 1/4 tsp),0.0,0.0,0.0,0.0
biryani (chicken 1.5 cups),520.0,60.0,28.0,18.0
raita (2 tbsp),30.0,2.0,1.0,2.0
lassi (mango 1 cup),180.0,30.0,5.0,4.0
samosa (1 piece vegetable),130.0,18.0,2.0,6.0
tamarind chutney (1 tbsp),20.0,5.0,0.1,0.0
mint chutney (1 tbsp),5.0,0.5,0.2,0.0
pani puri (6 pcs),200.0,35.0,4.0,5.0
passion fruit (1 fruit),17.0,4.2,0.4,0.1
kimchi jjigae (1 bowl),350.0,20.0,15.0,22.0
silken tofu (3oz in soup),45.0,2.0,5.0,2.5
pork belly (1 oz in soup),145.0,0.0,3.0,15.0
gochugaru (1 tsp),10.0,1.8,0.3,0.3
gochujang (1 tbsp),30.0,6.0,0.5,0.0
sesame oil (1 tsp),40.0,0.0,0.0,4.5
fish sauce (1 tsp),5.0,0.5,0.4,0.0
green onion (1 tbsp garnish),3.0,0.7,0.2,0.0
kombucha (16 oz),60.0,14.0,0.0,0.0
beef wellington (1 slice),600.0,35.0,30.0,38.0
pate (mushroom 2 tbsp),70.0,2.0,1.0,7.0
puff pastry (1 oz wrapper),115.0,9.0,1.5,8.0
prosciutto (1 slice),35.0,0.0,4.0,2.5
asparagus (6 spears roasted),40.0,4.0,4.0,2.0
hollandaise sauce (1 tbsp),55.0,0.2,0.5,6.0
flan (1 slice),220.0,35.0,6.0,7.0
caramel sauce (1 tbsp),60.0,13.0,0.0,1.0
congee (1 cup plain),130.0,28.0,2.5,1.0
pickled radish (1/4 cup),15.0,3.0,0.5,0.0
pork floss (1 tbsp),50.0,3.0,4.0,2.0
century egg (1 egg),100.0,1.0,7.0,7.0
arugula (2 cups),10.0,0.8,1.0,0.2
goat cheese (1 oz),103.0,0.1,6.1,8.5
beets (1/2 cup roasted),30.0,6.8,0.8,0.1
walnuts (1 tbsp chopped),46.0,1.0,1.1,4.6
balsamic glaze (1 tbsp),40.0,9.0,0.0,0.0
bobotie (1 serving),450.0,30.0,25.0,25.0
yellow rice (1 cup),230.0,50.0,4.0,1.0
chutney (mango 1 tbsp),45.0,11.0,0.1,0.1
malva pudding (1 slice),380.0,60.0,5.0,14.0
custard (1/4 cup),80.0,10.0,3.0,3.0
bubble tea (16 oz milk tea),320.0,70.0,2.0,4.0
tapioca pearls (1/4 cup boba),100.0,25.0,0.0,0.0
paella (1.5 cups seafood),550.0,70.0,30.0,18.0
chorizo (1 oz in paella),130.0,1.0,6.0,11.0
saffron (pinch),1.0,0.1,0.0,0.0
aioli (garlic 1 tbsp),95.0,0.5,0.1,10.5
gazpacho (1 cup),90.0,12.0,2.0,4.0
croutons (garlic 1/4 cup),50.0,7.0,1.5,2.0
olive oil (1 tsp garnish),40.0,0.0,0.0,4.5
churros (2 sticks),240.0,30.0,3.0,12.0
chocolate sauce (1 tbsp dipping),50.0,10.0,0.5,1.5
cinnamon sugar (1 tsp),20.0,5.0,0.0,0.0
horchata (1 cup),140.0,25.0,2.0,3.0
ceviche (1 cup fish),180.0,15.0,25.0,2.0
red onion (1/4 cup in ceviche),16.0,3.7,0.3,0.0
cilantro (2 tbsp garnish),1.0,0.0,0.1,0.0
corn nuts (1 oz),130.0,23.0,2.0,4.0
lomo saltado (1.5 cups),500.0,45.0,35.0,22.0
french fries (as side),200.0,25.0,2.0,10.0
soy sauce (1 tbsp in stir-fry),9.0,1.0,1.0,0.0
aji amarillo paste (1 tsp),5.0,1.0,0.1,0.0
pisco sour (1 drink),250.0,25.0,1.0,0.0
egg white (in drink),17.0,0.2,3.6,0.0
angostura bitters (dash),5.0,0.0,0.0,0.0
alfajores (1 cookie),180.0,22.0,2.0,10.0
dulce de leche (1 tbsp filling),65.0,12.0,1.0,1.5
coconut (shredded garnish),10.0,0.5,0.1,1.0
mate (1 cup),5.0,1.0,0.2,0.0
media luna (1 pastry),190.0,25.0,4.0,8.0
chimichurri (1 tbsp),45.0,0.5,0.1,4.5
skirt steak (4oz grilled),240.0,0.0,26.0,15.0
provoleta (1 oz grilled cheese),100.0,1.0,7.0,8.0
oregano (1 tsp),3.0,0.7,0.1,0.0
empanada (beef 1 medium),290.0,28.0,10.0,16.0
chicken milanesa (1 serving),450.0,30.0,35.0,22.0
mashed potatoes (side),150.0,25.0,3.0,4.0
choripan (1 sandwich),550.0,40.0,20.0,35.0
baguette (slice),70.0,14.0,2.5,0.5
pizza (margherita 1 slice),250.0,30.0,12.0,10.0
fresh mozzarella (1 oz),72.0,0.8,5.0,5.0
basil (2 tbsp fresh),1.0,0.1,0.1,0.0
carbonara (1.5 cups),650.0,60.0,25.0,35.0
guanciale (1 oz),170.0,0.0,3.0,18.0
pecorino cheese (1 tbsp),25.0,0.1,1.5,2.0
black pepper (1/4 tsp),1.0,0.2,0.0,0.0
egg yolk (1 large in sauce),55.0,0.6,2.7,4.5
supplì (1 piece fried rice ball),200.0,25.0,8.0,8.0
aperol spritz (1 drink),180.0,20.0,0.0,0.0
prosecco (3 oz),70.0,2.0,0.0,0.0
club soda (2 oz),0.0,0.0,0.0,0.0
orange slice (garnish),5.0,1.0,0.1,0.0
tagliatelle al ragù (bolognese),550.0,65.0,28.0,20.0
ground beef (2 oz in sauce),140.0,0.0,11.0,10.0
pancetta (0.5 oz in sauce),45.0,0.0,1.5,4.5
carrot (1/4 minced in sauce),10.0,2.4,0.2,0.1
celery (1/4 stalk minced),2.0,0.4,0.1,0.0
onion (1/8 minced in sauce),5.0,1.2,0.1,0.0
crushed tomatoes (1/2 cup sauce),20.0,4.0,1.0,0.0
parmigiano-reggiano (1 tbsp),22.0,0.2,2.0,1.5
cannoli (1 medium),240.0,25.0,5.0,13.0
ricotta (filling 1 oz),49.0,0.8,3.2,3.8
pistachio (garnish),10.0,0.5,0.4,0.8
biscotti (1 cookie),110.0,18.0,2.0,4.0
espresso (for dipping),2.0,0.0,0.2,0.0
focaccia (1 square),250.0,40.0,8.0,7.0
rosemary (1 tsp topping),1.0,0.2,0.0,0.0
coarse salt (garnish),0.0,0.0,0.0,0.0
olive oil (1 tbsp drizzle),120.0,0.0,0.0,14.0
bruschetta (2 pcs),180.0,25.0,4.0,7.0
balsamic glaze (1 tsp),13.0,3.0,0.0,0.0
ribollita (1.5 cups soup),350.0,55.0,15.0,8.0
cannellini beans (1/2 cup in soup),105.0,20.0,7.0,0.5
kale (1 cup in soup),33.0,6.0,2.9,0.6
stale bread (1/2 cup in soup),80.0,15.0,3.0,1.0
polenta (1 cup creamy),150.0,32.0,3.0,1.0
gorgonzola cheese (1 oz),100.0,0.7,6.0,8.0
negroni (1 drink),190.0,15.0,0.0,0.0
gin (1 oz),70.0,0.0,0.0,0.0
campari (1 oz),80.0,10.0,0.0,0.0
sweet vermouth (1 oz),40.0,5.0,0.0,0.0
orange peel (garnish),1.0,0.2,0.0,0.0
osso buco (1 serving),550.0,15.0,45.0,30.0
gremolata (1 tbsp),15.0,1.0,0.5,1.0
risotto alla milanese (1 cup),350.0,50.0,10.0,12.0
saffron (pinch in risotto),1.0,0.1,0.0,0.0
panettone (1 slice),320.0,50.0,6.0,12.0
candied fruit (1 tbsp),30.0,8.0,0.0,0.0
amaretti cookie (2 cookies),90.0,12.0,2.0,4.0
limoncello (1.5 oz shot),150.0,18.0,0.0,0.0
panna cotta (1 serving),300.0,25.0,4.0,20.0
berry coulis (1 tbsp),20.0,5.0,0.0,0.0
saltimbocca (1 serving),380.0,5.0,38.0,22.0
prosciutto (1 slice wrapper),35.0,0.0,4.0,2.5
sage (2 leaves),1.0,0.1,0.0,0.0
polenta (grilled 1 slice),120.0,25.0,2.5,1.0
caponata (1/2 cup),180.0,15.0,2.0,14.0
eggplant (1/2 cup in caponata),40.0,6.0,0.5,2.0
pine nuts (1/2 tbsp),48.0,1.0,1.0,5.0
raisins (1 tbsp),27.0,7.0,0.3,0.0
gelato (pistachio 1/2 cup),220.0,24.0,5.0,12.0
waffle cone (1 small),70.0,13.0,1.0,1.5
cacio e pepe (1.5 cups),500.0,65.0,18.0,19.0
pecorino romano (1/4 cup),110.0,1.0,7.5,8.5
black pepper (1/2 tsp),3.0,0.7,0.1,0.0
fiorentina steak (3oz portion),230.0,0.0,24.0,15.0
rosemary (garnish),1.0,0.2,0.0,0.0
white beans (tuscan style 1/2 cup),150.0,20.0,8.0,4.0
garlic (1 clove in beans),4.0,0.9,0.2,0.0
sage (in beans),1.0,0.1,0.0,0.0
arancini (1 large ball),250.0,30.0,9.0,10.0
ragù (filling 1 tbsp),25.0,1.0,1.5,1.5
mozzarella (filling 0.5 oz),40.0,0.5,3.0,3.0
breadcrumbs (coating),25.0,4.0,0.5,0.5
campari & soda (1 drink),85.0,10.0,0.0,0.0
olive (garnish),5.0,0.1,0.0,0.5
vitello tonnato (1 serving),380.0,3.0,35.0,25.0
tuna sauce (2 tbsp),100.0,1.0,4.0,9.0
capers (garnish),2.0,0.4,0.2,0.1
lemon slice (garnish),1.0,0.3,0.0,0.0
gnocchi alla sorrentina (1.5 cups),450.0,60.0,15.0,18.0
tomato sauce (1/2 cup),40.0,7.0,1.5,1.0
mozzarella (1 oz melted),80.0,1.0,6.0,6.0
basil (fresh garnish),1.0,0.0,0.1,0.0
pesto (1/4 cup),290.0,4.0,5.0,29.0
pine nuts (1 tbsp in pesto),95.0,2.0,2.0,10.0
garlic (1/2 clove in pesto),2.0,0.5,0.1,0.0
trofie pasta (1 cup cooked),210.0,43.0,7.0,1.0
green beans (1/2 cup w/ pasta),15.0,3.5,0.9,0.1
potato (1/2 w/ pasta),65.0,15.0,1.0,0.1
espresso martini (1 drink),280.0,25.0,0.5,0.0
vodka (1.5 oz),97.0,0.0,0.0,0.0
coffee liqueur (1 oz),100.0,15.0,0.0,0.0
espresso (1 oz in drink),3.0,0.0,0.3,0.1
simple syrup (1/2 oz),30.0,8.0,0.0,0.0
coffee beans (3 garnish),2.0,0.3,0.1,0.0
baba ganoush (1/4 cup),100.0,8.0,2.0,7.0
pita bread (1 white),165.0,33.0,5.5,1.2
falafel (3 pieces),180.0,18.0,6.0,9.0
tahini sauce (1 tbsp),30.0,1.5,1.0,2.5
pickled turnips (2 tbsp),10.0,2.0,0.2,0.0
shawarma (chicken 1 wrap),550.0,50.0,30.0,25.0
garlic sauce (1 tbsp),90.0,1.0,0.1,10.0
hummus (1/4 cup),130.0,10.0,5.0,8.0
tabouli (1/2 cup),120.0,15.0,3.0,6.0
bulgur (1/4 cup in tabouli),76.0,16.8,2.7,0.2
parsley (1/4 cup in tabouli),5.0,1.0,0.3,0.1
mint (1 tbsp in tabouli),1.0,0.1,0.1,0.0
lemon juice (1 tbsp dressing),4.0,1.3,0.1,0.0
olive oil (1 tbsp dressing),120.0,0.0,0.0,14.0
kibbeh (1 piece fried),230.0,20.0,9.0,13.0
pine nuts (1/2 tbsp filling),48.0,1.0,1.0,5.0
ground lamb (1 oz filling),80.0,0.0,5.5,6.0
bulgur (1 tbsp shell),15.0,3.4,0.5,0.0
lentil soup (1 cup middle eastern),200.0,30.0,10.0,5.0
cumin (1 tsp),8.0,1.5,0.3,0.5
coriander (1 tsp),5.0,1.0,0.1,0.2
lemon juice (1 tsp in soup),1.0,0.4,0.0,0.0
pita crisps (1 oz),130.0,18.0,3.0,5.0
manakeesh (za'atar 1 small),300.0,45.0,7.0,10.0
za'atar (1 tbsp),40.0,3.0,1.0,3.0
olive oil (1 tbsp on bread),120.0,0.0,0.0,14.0
labneh (2 tbsp),60.0,2.0,4.0,4.0
cucumber (1/4 cup side),8.0,1.8,0.3,0.0
tomato (1/4 cup side),8.0,1.8,0.3,0.1
olives (5 side),35.0,1.0,0.2,3.5
mint tea (1 cup),2.0,0.5,0.1,0.0
stuffed grape leaves (3 pcs),150.0,20.0,3.0,7.0
rice (1/4 cup filling),51.0,11.1,1.1,0.1
turkish coffee (1 small cup),5.0,0.5,0.2,0.0
cardamom (in coffee),1.0,0.2,0.0,0.0
shish tawook (2 skewers),300.0,5.0,35.0,16.0
garlic sauce (toum 1 tbsp),90.0,1.0,0.1,10.0
french fries (side),340.0,44.0,4.0,17.0
pickled cucumber (1/4 cup),10.0,2.0,0.5,0.0
fattoush salad (1.5 cups),250.0,25.0,5.0,15.0
fried pita (1/2 pita in salad),80.0,12.0,2.0,3.0
sumac (1/2 tsp dressing),5.0,1.0,0.1,0.2
pomegranate molasses (1 tsp),15.0,4.0,0.0,0.0
hot tea (garam chai),16.14,2.58,0.39,0.53
instant coffee,23.16,3.65,0.64,0.75
espreso coffee,51.54,6.62,1.75,2.14
iced tea,10.34,2.7,0.03,0.01
raw mango drink (aam panna),35.92,9.05,0.16,0.03
fruit punch (with fresh juices),36.12,9.38,0.14,0.03
fruit punch (with squashes),23.13,5.99,0.07,0.02
lemonade,20.8,5.48,0.03,0.01
lem-o-gin,21.52,5.55,0.08,0.03
cumin infused water (jeere/zeere ka pani),9.09,1.86,0.17,0.11
coco pine cooler,32.75,5.72,0.56,1.0
summer cooler,22.43,5.43,0.37,0.04
hot cocoa,90.1,9.23,3.36,4.56
cold coffee with ice cream,67.85,11.24,1.57,2.11
banana milkshake (kele milkshake),65.31,9.15,1.84,2.37
mango milkshake (aam milkshake),56.9,7.23,1.73,2.35
pineapple milkshake (ananas milkshake),55.72,7.62,1.66,2.23
orange milkshake (narangi milkshake),57.42,7.11,1.86,2.52
egg nog,97.14,8.15,4.78,5.11
sweet lassi (meethi lassi),35.66,6.51,1.29,0.68
lassi (salted),18.84,1.86,1.35,0.72
cheese and chilli sandwich,218.11,27.4,6.8,9.78
egg sandwich (ande ka sandwich),285.96,29.16,8.69,15.8
cucumber sandwich (kheere ka sandwich),188.6,25.77,4.8,8.0
cheese and pineapple sandwich (cheese aur ananas ka sandwich),257.71,29.1,8.2,12.8
cheese and tomato sandwich (cheese aur tamatar ke sandwich),243.32,26.92,7.92,12.27
chicken sandwich,253.27,25.38,13.12,11.75
peanut and tomato sandwich (moongfali aur tamatar ka sandwich),291.43,28.54,9.53,16.14
rainbow sandwich,272.75,34.26,7.75,12.54
vegetarian club sandwich,198.33,19.68,5.45,11.33
pin wheel sandwich,311.52,14.0,8.77,24.93
carrot apple sandwich (gajar aur seb ka sandwich),214.11,29.04,5.3,9.12
salami sandwich,255.59,21.54,8.7,15.51
vegetable and mayonnaise sandwich,244.26,23.2,4.47,15.4
egg and tomato sandwich (ande aur tamatar ka sandwich),222.11,25.9,7.66,10.51
sweet open sandwich,244.25,39.24,4.99,8.15
mushroom and cheese sandwich (toasted),227.42,21.01,7.79,13.01
cheese and tomato sandwich (toasted) (cheese aur tamatar ke sandwich (toasted)),224.58,21.42,6.82,12.95
pea potato sandwich (toasted) (matar aloo ka sandwich),164.9,25.17,4.6,5.43
paneer pea sandwich (toasted) (paneer matar ka sandwich),249.56,24.05,12.4,11.98
chicken sandwich (toasted),167.37,18.82,12.08,5.32
pea keema sandwich (toasted) (matar aur keema ka sandwich),171.78,20.26,11.06,5.61
classic club sandwich,200.83,18.49,6.74,11.56
sesame toast,495.19,11.15,1.9,49.38
cracked wheat porridge (meetha daliya),81.57,8.87,2.64,4.08
semolina porridge (suji/rava daliya),100.89,12.39,3.75,4.08
oatmeal porridge,72.85,8.77,2.6,3.22
cornflakes with milk,117.33,14.95,3.59,5.12
rice flakes (chiwda/aval),112.44,15.57,3.62,3.99
wheat flakes,112.44,15.57,3.62,3.99
murmura (puffed rice),113.32,15.67,3.62,4.04
puffed wheat (murmure/moori),113.32,15.67,3.62,4.04
boiled egg (ubla anda),45.35,0.12,4.43,3.04
fried egg,223.67,0.31,11.59,19.62
poached egg,123.87,0.37,11.98,8.19
scrambled egg (ande ki bhurji),155.97,1.35,10.29,12.21
baked egg,218.85,15.42,11.88,12.65
plain omelette/omlet,272.41,0.64,9.66,25.74
stuffed egg omelette/omlet,203.51,2.3,8.6,17.77
pancake,203.36,20.49,5.68,10.82
keema pancake,176.27,9.56,9.01,11.25
vegetable pancake,125.18,12.24,3.87,6.57
jam and fruit pancake,162.02,20.73,3.79,7.01
khoa and coconut pancake,271.98,27.32,6.98,15.29
brown stock,21.32,0.25,1.95,1.38
vegetable stock,17.6,0.96,0.3,1.38
chicken stock,29.88,0.37,3.69,1.51
clear tomato soup (tamatar ka soup),80.07,3.45,4.79,12.22
lentil soup,31.17,3.94,9.65,11.68
chicken consomme (clear chicken soup),47.94,1.19,11.47,12.02
cream of tomato soup,97.81,3.93,4.61,13.12
cream of green peas soup,127.84,6.75,7.13,14.78
cream of spinach soup,100.54,3.45,5.21,13.31
cream of mixed vegetable soup,59.65,4.93,6.84,9.05
cream of mushroom soup,117.28,3.74,6.64,15.5
chicken sweet corn soup,28.32,1.63,14.48,12.59
minestrone soup,42.66,3.71,9.3,11.09
egg drop soup,26.64,1.1,12.93,13.52
chinese cabbage and meat ball soup,484.31,1.43,5.21,56.57
french onion soup,55.61,4.28,11.41,14.39
hot and sour soup,31.51,1.78,3.12,1.31
talaumein soup,35.63,4.17,10.12,12.78
cold cucumber soup (thanda kheere ka soup),48.03,4.58,2.99,1.99
cold summer garden soup,49.19,2.65,8.57,14.08
chapati/roti,202.31,35.65,5.88,3.56
plain parantha/paratha,298.3,30.69,5.06,16.86
potato parantha/paratha (aloo ka parantha/paratha),205.04,23.92,3.7,10.22
radish parantha/paratha (mooli ka parantha/paratha),183.52,20.54,3.3,9.53
cauliflower parantha/paratha (phoolgobhi ka parantha/paratha),178.07,18.84,3.73,9.47
dal parantha/paratha,268.24,30.03,6.78,13.05
sprouted moong parantha/paratha,228.59,24.31,4.29,12.43
pea parantha/paratha (matar ka parantha/paratha),190.73,21.51,5.59,8.8
keema parantha/paratha,238.09,18.36,9.41,13.91
paneer parantha/paratha,262.97,24.33,7.98,14.62
besan and spinach parantha/paratha (besan aur palak ka parantha/paratha),216.49,21.39,5.54,12.09
poori,737.63,8.22,1.35,77.61
spinach poori (palak poori),684.25,7.76,1.42,71.86
methi poori,710.02,7.98,1.45,74.6
dal stuffed poori,785.16,10.14,2.08,81.69
potato stuffed poori (aloo ki poori),776.74,9.4,1.52,81.35
tandoori parantha/paratha,295.37,30.74,5.08,16.51
boiled rice (uble chawal),117.19,25.72,2.6,0.18
plain pulao,140.21,21.82,2.34,4.62
mixed vegetable pulao,113.05,17.49,2.72,3.33
mushroom pulao,124.29,19.02,2.52,4.03
sprouted moong pulao,112.97,17.49,2.19,3.61
paneer pulao,581.91,8.76,1.98,59.81
peanut pulao,193.28,21.18,5.32,9.51
navratan pulao,261.71,36.98,6.2,9.45
green chickpeas pulao (choliya pulao/hare chane ka pulao),173.43,27.57,4.88,4.82
mutton biryani/biriyani,190.76,22.5,7.38,7.72
vegetable biryani/biriyani,174.61,18.56,3.16,9.51
"lemon rice (pulihora, elumichai sadam, chitranna)",176.3,21.62,4.26,7.88
sweet rice (meethe chawal),215.41,42.59,2.1,4.57
curd rice (dahi bhaat/dahi chawal/ perugu annam/daddojanam/thayir saadam),195.74,32.93,5.75,4.32
tamarind rice (chintapandu pulihora/puliyodharai/puli sadam/huli anna),373.04,65.08,7.45,8.53
spanish rice,164.24,31.1,4.19,2.23
chinese fried rice,120.58,13.4,4.05,5.43
macroni cheese pie,170.63,21.1,5.85,7.48
vegetable chowmein,129.71,15.44,3.07,6.36
chicken chowmein,151.33,13.3,6.33,8.23
cheese noodle ring,133.67,13.96,6.22,6.12
spaghetti and cheese balls in tomato sauce,508.32,7.82,2.41,52.08
penne platter,177.4,20.87,5.04,8.71
pasta hot pot,125.17,11.6,5.84,6.47
chicken lasagne,187.49,13.9,10.45,10.36
fettuccine with spinach sauce,129.21,12.19,3.1,7.83
naan,286.45,51.75,8.05,4.99
bhatura,793.2,10.73,1.63,82.56
idli,137.54,28.18,4.64,0.33
masala dosa,164.58,19.57,3.29,7.84
semolina dosa (suji/rava dosa),227.05,32.84,7.3,7.12
onion tomato uttapam,462.02,11.32,1.91,45.3
paneer kaathi roll,285.94,20.1,6.92,19.55
makki ki roti,263.97,24.19,3.49,16.85
washed moong dal (dhuli moong ki dal),50.0,5.91,2.68,1.68
washed urad dal (dhuli urad ki dal),61.32,5.84,2.51,2.98
split bengal gram with bottle gourd (channa dal with ghiya/lauki),73.25,7.1,2.79,3.6
dry washed urad,124.71,15.66,6.85,3.5
mixed dal,61.93,5.79,2.51,3.1
whole moong (moong ki dal),53.7,5.22,2.25,2.56
whole masoor (masoor ki dal),54.05,5.37,2.28,2.52
whole moth (moth ki dal),55.0,5.74,2.01,2.62
whole urad (urad ki dal),53.8,5.05,2.21,2.62
moti mahal dal (urad rajmah mix dal),103.13,8.74,3.93,5.66
black channa curry/bengal gram curry (kale chane ki curry),140.68,14.11,5.67,6.61
chickpeas curry (safed channa curry),163.43,19.98,6.1,6.84
lobia curry,148.99,17.88,6.06,5.62
soyabean curry,163.28,6.76,10.43,10.19
kidney bean curry (rajmah curry),143.73,16.38,5.95,5.77
sambar,96.92,10.57,3.35,4.38
besan kadhi with pakodies,403.35,3.56,1.64,42.59
khatta channa,202.57,21.14,6.3,10.56
sprouted moong dal chat,32.47,6.01,1.35,0.32
potato cauliflower (aloo gobhi),106.18,5.99,1.9,8.13
potato capsicum (shimla mirch aloo),125.53,8.72,1.41,9.33
cabbage and peas (pattagobhi aur matar),63.88,6.24,3.24,2.64
carrot and fenugreek leaves (gajar methi),61.92,4.17,2.1,3.81
potato fenugreek (aloo methi),135.15,8.47,2.25,10.04
brinjal bhartha (baingan ka bhartha),65.12,4.4,1.38,4.48
dry potato (sookhe aloo),103.15,14.38,1.62,4.18
beans with coconut (nariyal aur sem/phali; beans thoran),131.63,4.39,2.62,11.39
cauliflower with coconut (nariyal ke saath phoolgobhi),132.11,3.99,2.64,11.56
carrot and cabbage with coconut (nariyal ke saath pattagobhi aur gajar),106.61,4.99,1.82,8.62
raw turnip with coconut,132.15,5.78,1.8,11.47
raw papaya with coconut (papaya thoran),132.75,5.58,1.54,11.42
stuffed okra (bharwa bhindi),94.34,3.85,2.08,7.66
stuffed round gourd (bharwa tinde),72.8,4.02,1.1,5.75
stuffed capsicum (bharwa shimla mirch),90.94,8.26,1.34,5.7
stuffed brinjal (bharwa baingan),93.0,3.96,1.53,7.73
stuffed tomatoes (bharwa tamatar),93.35,6.19,3.28,6.06
pea potato curry (aloo matar),100.92,9.74,3.48,5.13
pea paneer curry (matar paneer),134.83,9.29,6.61,7.75
pea mushroom curry (matar mushroom),93.3,7.41,3.87,5.16
pea curry (matar ki sabzi),102.99,9.2,4.51,5.11
pea vadi curry,101.95,8.9,4.64,5.08
paneer curry,176.52,8.4,7.8,12.38
lotus stem curry (kamal kakdi curry),110.34,9.24,1.53,7.25
gravy for kofta,125.59,6.31,1.75,10.35
pea kofta curry (matar kofta curry),595.66,4.17,2.01,63.39
spinach kofta curry (palak kofta curry),571.78,3.56,1.09,61.49
paneer kofta curry,670.91,3.27,2.39,72.06
lotus stem kofta curry (kamal kakdi kofta curry),633.56,5.01,0.96,67.76
raw banana kofta curry (kela kofta curry),627.27,3.4,0.62,67.98
cauliflower kofta curry (phoolgobhi kofta curry),641.1,2.62,1.04,69.62
cabbage kofta curry (pattagobhi kofta curry),639.81,2.87,0.98,69.4
ghiya/lauki kofta curry,638.71,2.71,0.89,69.4
spinach paneer kofta curry (palak paneer kofta curry),606.03,2.94,1.43,65.41
vegetarian egg kofta curry,627.41,4.26,1.33,67.24
baked vegetables,88.99,8.44,3.67,4.44
cauliflower musallam (phoolgobhi musallam),58.83,4.48,1.89,3.55
baked vegetables with spinach,77.79,6.93,3.22,4.03
baked potato with skin,135.77,11.11,3.43,8.5
shepherd's pie (vegetarian),135.63,12.03,5.04,7.3
baked brinjal in tomato sauce,38.63,4.13,1.58,1.62
dum aloo,682.33,3.33,0.7,74.01
spinach paneer (palak paneer),77.68,4.43,4.03,4.76
methi chaman,475.62,2.78,1.54,50.91
sarson ka saag,87.84,5.33,3.0,5.86
jackfruit sabzi (kathal ki sabzi),625.4,3.4,0.69,67.6
avial,124.56,8.47,2.46,8.94
al yakhani,147.54,4.65,2.86,13.14
shahi paneer,156.5,6.64,5.06,12.34
paneer in butter sauce,145.61,9.7,6.99,8.81
methi malai paneer,194.98,8.15,7.34,14.76
chilli paneer,777.51,3.31,2.1,84.01
paneer makhana korma,775.82,4.63,3.24,82.76
kadhai paneer,107.99,7.34,4.33,6.81
roghan josh,139.59,4.93,9.56,9.02
spinach mutton (palak mutton),80.32,3.45,5.74,4.71
pea keema curry (matar keema ki sabzi),133.0,6.24,8.43,8.14
keema kofta curry,154.45,5.64,9.77,10.39
kashmiri mutton koftas (gushtaba),97.42,3.04,6.33,6.77
mutton yakhni,104.13,0.84,8.27,7.7
chicken yakhni,99.0,0.78,10.66,6.1
mutton do piaza,183.3,4.14,9.39,14.41
mutton chops,663.64,1.48,4.03,71.31
shammi kebab,685.69,3.54,4.52,72.61
scotch egg,676.89,1.91,4.05,72.62
shepherd's pie (with minced meat),142.78,8.06,7.45,8.88
chicken curry,129.22,3.38,11.79,7.57
tandoori chicken,145.2,2.34,16.26,7.93
butter chicken,137.0,3.74,10.92,8.7
chicken kebab,729.41,1.11,3.71,78.89
chilli chicken,198.83,2.86,9.57,16.56
fried chicken with tomato sauce (fried chicken tamatar ki chutney kay saath),125.03,2.51,11.48,7.61
fish curry (machli curry),111.13,3.77,8.76,6.69
fried fish (indian style) (tali hui machli),658.54,5.4,4.35,68.88
fried fish and chips (english style) (tali hui machli aur chips),651.75,2.77,3.36,69.69
tomato fish,489.79,3.18,2.39,51.91
baked fish with cheese sauce,113.96,4.06,8.64,7.02
fish tikka,117.33,3.91,16.0,4.15
tandoori fish,95.98,2.37,11.19,4.64
"paneer, apple and pineapple salad",95.08,8.35,3.88,5.07
russian salad,114.83,6.5,4.26,7.84
pasta salad,190.36,12.7,4.15,13.92
deviled egg,98.56,2.23,4.97,7.72
hawain salad,175.23,14.35,4.27,11.37
mixed pulse and vegetable salad,83.12,13.96,4.74,0.84
sprouted moong salad,37.81,5.48,2.29,0.74
tossed salad,62.96,4.95,1.02,4.22
mixed vegetable salad with curd sauce,60.28,7.03,4.23,1.5
potato salad (aloo ka salaad),89.91,11.19,1.4,4.4
waldroff salad,141.75,11.02,1.47,10.05
coleslaw,76.71,5.59,1.24,5.32
fruit salad (phalon ka salaad),78.14,15.96,0.91,1.22
tomato onion raita (tamatar aur pyaaz ka raita),59.0,7.08,3.74,1.84
peanut raita (mungfali ka raita),150.39,9.3,8.59,8.98
sprouted moong raita,60.89,6.13,4.62,2.19
bottle gourd raita (ghiya/lauki ka raita),56.31,5.76,3.98,2.07
cucumber raita (kheere ka raita),59.13,6.35,4.04,2.08
carrot and spinach raita (gajar aur palak ka raita),56.83,5.83,4.0,1.99
mint raita (pudinay ka raita),77.59,7.65,5.64,2.96
potato raita (aloo ka raita),75.38,10.24,4.22,2.04
boondi raita,687.72,3.96,2.19,73.83
sweet raita (meetha raita),99.24,17.93,3.24,1.78
dahi vadas/dahi bhalla,667.73,5.49,2.96,70.4
gunjia,667.34,5.68,2.98,70.28
saunth/sonth chutney with tamarind/imli,141.53,33.55,1.01,0.15
rice kheer (chawal ki kheer),75.03,10.05,2.3,2.97
makhana kheer,107.85,12.88,3.31,5.0
vermicelli kheer (semiya/seviyan ki kheer),120.07,15.87,3.35,5.0
semolina kheer (suji/rava kheer),113.21,15.88,3.43,4.2
paneer kheer,105.31,10.03,4.53,5.37
cabbage kheer (pattagobhi ki kheer),83.51,9.73,2.87,3.8
carrot kheer (gajar ki kheer),85.35,10.09,2.81,3.85
cauliflower kheer (phoolgobhi ki kheer),81.95,8.78,3.04,3.95
moong dal kheer,77.16,9.89,2.95,2.97
phirni,116.12,16.11,3.49,4.34
semolina halwa (suji ka halwa),225.65,24.67,2.16,13.38
shahi suji halwa,382.34,44.44,3.48,21.73
carrot halwa (gajar ka halwa),172.64,18.53,3.11,9.73
egg halwa (ande ka halwa),299.74,39.59,7.85,13.41
potato halwa (aloo ka halwa),151.66,29.18,1.53,3.48
pumpkin halwa (kaddu ka halwa),190.27,27.6,1.33,8.81
moong dal halwa,349.8,40.23,8.35,17.68
caramel custard (steamed),121.58,15.02,4.97,4.87
baked custard,106.53,9.45,5.41,5.3
soft custard (stirred),109.18,11.19,5.01,5.07
chocolate ice cream,177.7,15.41,4.47,11.25
mango ice cream,125.69,11.14,3.4,7.62
fruit ice cream (phalon ka ice cream),171.46,16.05,4.37,10.38
caramel ice cream,173.52,14.81,4.31,11.15
lemon souffle,168.51,13.43,6.95,10.02
orange souffle,168.28,14.2,6.8,9.73
vanilla souffle,187.85,14.78,7.71,11.19
chocolate souffle,189.32,14.74,7.88,11.36
pineapple souffle,196.14,15.52,8.06,11.72
apple mousse,106.92,12.77,4.21,4.27
rich chocolate mousse,188.26,10.84,7.96,12.19
mango mousse,124.98,9.14,3.21,8.47
orange and pineapple cream,101.18,11.96,1.44,5.43
charlotte rousse,188.29,34.08,3.95,4.78
triffle pudding,116.97,18.24,2.93,3.93
snow flakes pudding,95.21,8.07,4.67,4.97
kulfi,98.43,11.3,3.21,4.7
steamed orange pudding,278.03,41.53,2.34,12.04
meringue and rice pudding,112.93,14.6,4.84,4.05
cheese pudding,285.01,19.27,11.29,18.37
chocolate pudding,211.96,29.59,3.55,9.48
bread and butter pudding,167.94,19.63,5.59,7.88
queen of pudding,132.92,16.35,5.51,5.38
pineapple upside down pudding,257.73,35.73,3.15,11.91
date and nut pie,322.42,46.86,3.93,13.31
stewed apple with custard,92.87,18.36,1.27,1.82
apple snowballs,101.51,24.58,0.86,0.31
hot orange souffle,179.97,18.77,6.87,8.95
hot chocolate souffle,226.09,26.21,6.7,11.1
hot vanilla souffle,192.93,21.77,6.87,9.07
plain burfi (burfi),408.32,30.88,9.82,27.96
coconut burfi (nariyal ki burfi),467.64,32.15,8.81,34.63
bottle gourd burfi (ghiya/lauki burfi),275.96,24.51,5.86,17.68
chocolate burfi,339.33,33.15,13.0,17.86
cashewnut burfi (kaju burfi/kaju katli),421.74,37.92,5.48,28.46
gram flour burfi (besan burfi),421.79,46.59,11.19,22.41
semolina ladoo with khoya (suji/rava aur khoye ke ladoo ),428.71,52.86,6.71,21.86
semolina ladoo with coconut (suji/rava aur nariyal ke ladoo ),464.43,50.9,5.68,27.03
gram flour ladoo (besan ladoo),476.91,62.61,8.93,22.76
sesame ladoo (til ke ladoo),396.96,43.5,10.7,19.64
chenna murki,252.69,36.01,10.46,8.2
milk cake,127.41,9.13,3.01,8.93
ghujia/lavang latika,768.98,13.0,1.86,78.93
gulab jamun with khoya,586.06,26.09,2.03,53.23
mal pua,566.68,17.56,1.71,54.64
shahi tukre,189.81,41.46,2.76,2.54
potato pakora/pakoda (aloo pakoda),677.19,6.04,1.9,71.84
onion pakora/pakoda (pyaaz ke pakode),674.61,5.41,1.9,71.84
cauliflower pakora/pakoda (phoolgobhi ke pakode),671.63,4.52,1.98,71.86
mixed vegetable pakora/pakoda,673.81,5.12,1.94,71.86
spinach pakora/pakoda (palak pakoda),712.62,4.68,1.96,76.38
methi pakora/pakoda (methi ke pakode),713.25,4.68,2.06,76.39
egg pakora/pakoda (ande ke pakode),710.51,4.48,2.83,75.86
bread pakora/pakoda,710.99,8.87,2.57,74.2
paneer pakora/pakoda,718.12,5.52,3.27,76.05
potato bonda (aloo bonda),632.84,4.53,1.09,67.8
potato samosa (aloo ka samosa),577.39,9.21,1.71,59.19
minced meat samosa (keema ka samosa),620.99,6.14,4.43,64.26
paneer and pea samosa (paneer matar ka samosa),623.81,8.55,4.02,63.65
mathri,805.12,12.32,1.75,83.1
khasta kachori,712.73,12.81,2.51,72.27
vegetable cutlet,665.45,4.68,1.25,71.33
flattened rice cutlet (chirwa cutlet/chivda cutlet/poha cutlet),701.71,7.39,1.76,73.89
peanut cutlet (mungfali ke cutlet),698.77,5.68,2.63,74.0
fish cutlet (machli ka cutlet),654.64,3.13,2.77,70.11
paneer potato cutlet (paneer aloo cutlet),672.94,5.23,2.47,71.4
spinach chickpeas cutlet (palak channa dal cutlet),688.03,4.93,1.44,73.6
cheese toast,785.37,5.49,1.98,84.11
vegetable burger,519.93,13.69,3.26,50.63
cheese pizza,249.5,30.62,5.79,12.43
vegetable seekh kebab,690.73,5.32,1.57,73.72
masala vada,826.02,4.06,1.69,89.15
peanut sago vada (sabudana mungfali vada),749.89,7.14,1.01,79.82
vegeterian scotch egg,681.67,4.64,2.16,72.77
paneer shaslik/tikka,93.85,7.98,5.11,4.49
peanut brittle (moongfali ki chikki),320.46,47.46,6.94,11.13
spring roll,623.87,8.56,1.81,64.63
dry mango chutney (sookhe aam ki chutney),298.13,69.17,2.43,0.7
peanut chutney (mungfali ki chutney),258.37,9.87,11.8,19.06
coconut chutney (nariyal ki chutney),265.92,8.29,3.59,25.0
mint and coriander chutney (pudinay aur dhaniye ki chutney),102.6,21.18,2.81,0.51
custard tart,225.6,28.66,3.72,10.73
lemon tart,303.35,30.68,6.12,17.45
jam tart,360.72,46.18,4.42,17.35
orange cream tart,197.16,27.43,2.58,8.72
pineapple tart,195.4,28.62,2.29,8.21
cheese and mushroom tart,246.1,21.43,5.51,15.28
cottage cheese pie,238.98,20.66,7.45,13.83
minced meat pie,221.55,18.11,7.38,13.04
apple cinnamon pie,258.73,33.68,3.35,12.21
lemon meringue pie,224.43,35.11,3.88,8.16
chocolate meringue pie,214.76,28.8,4.98,9.17
cream puffs,221.33,16.0,4.7,15.48
chocolate eclairs,239.42,26.22,4.24,13.5
cheese balls,681.28,4.81,2.21,72.57
minced meat patties,265.72,15.25,6.88,19.57
cheese patties,324.01,22.23,7.38,22.67
hot cheese souffle,177.1,5.41,9.18,13.23
hot potato souffle,125.64,8.56,5.51,7.64
hot fish souffle,142.92,3.69,11.23,9.24
hot spinach souffle,104.25,4.19,5.43,7.24
plain cream cake,353.94,47.18,6.18,16.17
apple cake (seb ka cake),290.08,39.48,4.94,12.87
marble cake,354.11,46.88,6.3,16.27
chocolate cake,335.61,45.14,6.01,15.18
orange cake,357.61,48.28,6.1,16.21
fruit loaf,324.19,46.49,5.36,13.31
banana cake (kele ka cake),389.51,40.0,5.77,23.31
chocolate chiffon cake,311.71,37.87,5.76,15.8
christmas cake,372.95,48.29,5.49,16.88
strawberry and vanilla cake with butter icing,370.54,44.25,3.89,20.39
eggless cake,318.08,46.14,8.12,11.75
swiss roll,251.87,48.34,7.3,3.77
pineapple pastry,208.21,29.04,6.06,7.87
black forest pastry,233.55,34.48,6.09,8.46
coconut finger,274.86,42.56,7.09,8.86
pineapple cake,195.57,23.51,5.01,9.34
chocolate walnut cookies (chocolate aur akhrot ke cookies),424.8,47.1,6.56,23.62
chocolate chip cookies,425.29,57.98,5.79,19.38
sweet plain biscuit,380.76,50.29,5.86,17.67
chocolate biscuit,379.76,51.56,5.88,17.09
coconut biscuit (nariyal ke biscuit),434.98,42.9,5.78,27.16
sweet and salty biscuit (meethay aur namkeen biscuit),407.96,45.09,6.15,22.39
peanut biscuit,401.05,46.72,8.45,20.41
pin wheel biscuit,404.6,54.56,5.4,18.66
saffron biscuit (kesar biscuit),458.61,59.7,6.05,22.01
masala biscuit,393.64,45.18,6.06,20.75
ice box cookies,374.24,56.09,5.7,14.44
ginger bread man,365.0,60.26,6.61,11.01
danish cookies,475.33,58.0,5.33,24.92
short bread cookies,443.09,64.82,6.03,17.98
coffee biscuit,416.57,46.55,6.9,23.0
melting moments,437.91,55.84,5.71,21.78
ginger biscuit (adarak ke biscuit),417.91,58.44,5.98,18.31
soyabean muthias,839.33,3.7,2.46,90.45
soyabean tikki,698.17,4.39,3.53,74.02
soyabean namak paras,838.46,4.65,2.65,89.83
peanut burfi (moongfali ki burfi),550.99,48.14,9.31,36.84
spinach peanut namak paras (palak moongfali namak paras),740.16,6.62,1.65,78.51
gram flour and semolina chilla/cheela/savory pancake (besan suji chilla/cheela),758.89,7.63,2.08,80.04
rice moong dal cheela (chawal aur moong dal ka cheela),798.26,11.13,2.74,82.44
split bengal gram sweet rice (channa dal sweet rice),190.21,41.07,4.15,0.64
sweet poori (meethi poori),782.75,14.26,2.12,79.63
wheat flour and moong dal burfi (atta aur moong dal ki burfi),441.08,60.0,9.84,18.41
spinach burfi (palak burfi),121.17,12.76,2.71,6.81
sweet split chickpea roti (sweet channa dal roti/puranpoli),366.59,62.66,9.51,7.93
sprouted moong daliya,111.56,14.77,2.81,4.71
sprouted moong poha,192.6,26.6,5.59,6.89
pearl millet ladoo (bajra ladoo),319.66,50.98,9.61,8.06
paushtik ladoo,485.87,60.34,7.65,24.98
paushtik roti,149.26,26.59,7.17,1.51
semolina carrot vada (suji gajar vada),699.53,6.52,1.56,74.07
dhokla,216.49,30.68,13.45,5.28
kashmiri tea (kehwa),24.9,5.23,0.17,0.51
steeped hot coffee,15.91,3.01,0.39,0.33
hot chocolate,90.01,9.02,3.43,4.61
cold coffee (with cream),82.76,11.98,1.93,3.29
banana milkshake with ice cream (kele ka milkshake ice cream ke saath),76.45,11.15,2.01,2.77
flavoured milkshake,66.78,8.65,2.06,2.83
jal jeera,30.24,6.7,0.44,0.26
gingo,48.02,12.42,0.14,0.06
mintade,40.32,10.59,0.03,0.02
canjee,6.61,0.44,0.24,0.42
cauliflower canjee (phoolgobhi ki canjee),6.9,0.35,0.39,0.42
potato canjee (aloo canjee),16.26,2.69,0.44,0.39
vermicelli porridge (semiya/seviyan porridge),78.4,10.56,2.5,2.98
semolina upma (suji/rava upma),147.89,16.31,3.3,7.49
vermicelli upma (semiya/seviyan upma),149.11,16.88,3.11,7.45
rice upma,151.27,17.96,2.63,7.46
bread upma,129.51,12.6,2.8,7.75
vegetable upma,146.47,16.46,4.73,6.63
poha,294.53,35.05,6.09,14.14
vegetable poha,180.52,21.52,4.89,8.07
moong dal stuffed cheela/chilla (moong dal ka cheela/chilla),154.89,19.42,6.97,5.11
paneer stuffed cheela/chilla,205.19,19.16,11.44,8.89
indian style egg bhujia (anda bhujia (indian style)),102.83,3.76,6.1,7.02
french omelette/omlet,211.04,0.41,10.03,18.86
puffy omelette/omlet,188.15,0.08,8.82,16.84
orange omelette/omlet,194.66,1.68,8.93,16.84
cheese and mushroom omelette/omlet,205.63,1.68,9.69,17.82
spanish omelette/omlet,157.45,5.1,8.25,11.44
mixed stock,25.19,0.33,2.06,1.71
meat stock,24.48,0.0,2.1,1.78
white stock,6.99,0.4,0.07,0.56
meat consomme (with mutton),29.76,0.51,14.86,13.68
consomme au julienne,27.76,1.49,12.49,10.66
consomme au vermicelli,29.94,1.3,15.23,12.98
green pea soup (matar ka soup),39.81,3.63,11.06,12.9
spinach soup (palak ka soup),32.59,3.03,10.54,14.26
mixed vegetable soup,35.71,2.95,8.22,11.66
cheese soup,41.13,1.87,12.39,17.07
mulligatawny soup,54.42,8.24,11.26,13.28
cream of carrot soup,59.77,5.69,8.27,12.35
cream of broccoli soup,56.14,3.72,8.97,12.75
cream of potato soup,60.2,6.14,8.1,12.05
almond soup (badam ka soup),78.65,3.68,10.13,13.8
cold cucumber cream soup,11.88,1.76,0.34,0.34
cold tomato soup,16.9,0.59,0.11,1.56
chicken stew,127.55,4.44,7.19,8.91
veg paneer stew,145.55,10.22,6.98,8.41
onion-green chilli parantha/paratha (pyaaz aur hari mirch ka parantha/paratha),191.27,26.37,4.37,7.27
methi parantha/paratha,148.36,22.19,4.27,4.34
bathua poori,598.79,13.85,2.35,59.14
gram flour poori (besan poori),697.66,10.93,2.59,71.51
beetroot poori (chukandar ki poori),527.66,12.29,1.91,52.18
peas poori (matar ki poori),592.83,14.92,3.04,57.69
peas kachori (matar kachori),584.68,13.25,3.21,57.51
pizza,146.77,9.94,6.85,8.72
bacon and mushroom pancake,157.67,8.47,6.82,10.6
cheese and tomato pancake,147.39,10.66,5.15,9.28
minced meat pancake (with chicken),116.04,8.18,12.01,10.48
eggplant/brinjal rice (vangi bhat),184.8,31.74,5.28,3.67
kashmiri 'tahar',98.21,19.11,1.95,1.37
cumin pulao (jeera/zeera pulao),135.24,23.61,2.47,3.2
peas pulao (matar pulao),108.87,18.42,3.89,1.9
split bengal gram dal and vegetable pulao (channa dal and vegetable pulao),116.53,19.72,3.6,2.3
black channa pulao/ bengal gram pulao (kale chane ka pulao),125.51,21.55,3.44,2.58
mutton pulao,130.77,11.26,6.52,10.78
chicken pulao,108.24,11.17,6.07,8.48
mexican rice,120.57,14.21,4.62,4.88
plain khitchdi (plain khichri/khichdi),57.03,10.04,1.72,1.01
instant idli (with semolina),247.29,43.4,9.16,3.61
plain dosa,380.91,64.08,10.34,8.43
masala dosa mixed vegetable fillings,144.53,23.02,4.84,3.26
masala dosa paneer fillings,243.12,29.76,10.31,8.84
uttapam,255.95,36.28,6.18,9.03
appam,267.7,13.28,3.12,22.63
beans and macaroni,136.08,14.24,4.58,7.01
meat and macaroni casserole,161.55,16.12,9.15,10.17
spaghetti with meat balls and tomato sauce,158.13,10.46,5.61,10.64
spaghetti with paneer balls and tomato sauce,158.54,12.72,3.95,10.44
lasagne with meat sauce,63.38,5.38,2.9,3.43
lasagne with vegetables,49.23,5.9,1.71,2.16
home made egg noodles,240.84,42.92,6.55,4.37
sour lentils (khatti dal),34.79,6.04,2.22,0.12
urad special dehusked,69.43,8.86,3.14,2.17
arhar with spinach (arhar dal aur palak),52.84,4.77,2.05,2.76
moong dal with vadi,24.08,1.0,0.4,2.05
rasam with tamarind (puli rasam/ chintapandu rasam/ charu/saaru),26.74,3.37,1.13,0.88
rasam with lemon (nimmakaya rasam/nimmakaya charu/elumichai rasam/nimbe hannina saaru),24.41,2.85,1.11,0.87
green gram whole with baghar (sabut moong dal with tadka),63.43,6.8,3.23,2.48
urad sabut special,79.39,5.03,2.33,5.46
kabuli channa curry,68.57,7.63,2.92,3.06
besan gatte curry,189.38,16.26,7.75,10.72
dry masala chops,135.07,3.3,9.08,9.54
mutton korma,115.64,2.53,7.09,8.54
shahi keema kofta curry,418.13,1.73,4.14,43.83
minced meat ball curry,109.79,2.86,6.82,7.85
boti kebab,132.86,3.06,9.22,9.27
mutton seekh kebab,133.94,3.11,11.25,8.43
indian lamb and egg curry (nargisi kofta),335.75,2.07,3.84,34.7
soya chunks sweet and sour (nutrinugget sweet and sour),500.94,3.27,2.85,55.99
soya chunks korma (nutrinugget korma),131.43,7.67,3.86,9.5
mushroom matar,70.77,5.33,2.79,4.11
soya chunks and peas (nutrinugget matar),82.62,5.82,3.03,5.11
vegetable yakhni,406.06,1.94,1.18,43.8
spinach mushroom (palak mushroom),47.63,2.95,1.94,2.96
vegetarian nargisi kofta curry,332.15,6.58,2.29,32.94
roast chicken,199.9,0.1,20.49,13.06
shahi chicken masala,163.7,4.07,9.82,12.02
tomato chicken,111.68,2.13,10.57,6.71
creamy chicken,152.87,3.13,13.52,9.57
broccoli chicken ala king,119.56,5.34,7.97,7.57
ginger chicken,129.17,5.6,8.24,8.24
chicken sweet and sour,445.09,2.67,6.92,47.59
chicken korma,147.96,5.43,9.83,9.67
bengal fish curry (bengali machli curry),109.43,4.42,7.26,7.03
fish finger,542.9,4.47,5.66,55.82
fish in coconut milk (nariyal ke doodh ke saath machli),86.21,2.73,8.66,4.43
prawn curry (with coconut) (jhinga curry),109.55,3.1,8.54,6.93
baked stuffed fish,121.96,2.12,16.14,5.43
fish pie,120.9,7.74,9.25,5.77
crispy baked fish,138.4,9.59,10.95,6.41
fish souffle,139.71,5.14,10.51,8.55
potato curry (aloo ki sabzi),89.56,10.42,1.52,4.47
egg curry (anda curry),117.52,4.03,5.38,8.81
vegetable curry with coconut,83.07,7.19,2.77,4.66
curd with potatoes (dahi aloo),59.9,7.15,1.56,2.72
potato kofta curry (aloo kofta curry),455.4,2.78,0.56,49.08
yam kofta curry (zimikand/suran kofta curry),322.88,3.75,0.71,33.84
jackfruit kofta curry (kathal ka kofta curry),321.08,3.17,0.8,33.83
spinach and potato (palak aloo),57.17,5.91,1.63,2.82
mooli bhujia,91.2,4.74,1.69,7.25
bathua bhujia,90.9,3.63,2.26,7.29
cabbage rolls (dry) ((pattagobhi rolls) (dry)),142.48,6.09,8.21,9.36
cabbage rolls (curry) ((pattagobhi rolls)(curry)),124.63,7.03,5.76,8.17
dry arbi (sookhi arbi),134.95,11.11,2.12,8.97
masala arbi,185.38,16.16,3.01,11.9
peas brinjal bhartha (matar baingan bhartha),84.55,5.02,2.05,6.05
okra/lady's fingers fry (bhindi sabzi/sabji/subji),110.81,4.5,1.83,9.27
crispy okra/crispy lady's fingers (karare bhindi),657.76,4.35,1.91,70.4
beans foogath,105.06,3.26,2.03,9.22
stuffed bittergourd (wet) (bharwa karele),162.36,4.68,1.36,15.24
jackfruit/kathal (dry),488.97,4.56,0.93,51.78
yam fried (zimikand/suran fried),491.76,5.47,0.79,51.79
"cauliflower, pea and potato bhujia (phoolgobhi, matar aur aloo bhujia)",95.67,8.23,2.75,5.54
vegetable jalfrezi,68.48,5.43,1.4,4.38
vegetables stir fry,30.78,3.19,1.04,1.47
broccoli delight,40.7,2.34,2.49,2.48
dhansak (vegetarian),82.8,7.28,3.32,4.18
cauliflower basket,90.95,3.97,5.21,5.88
stuffed bottle gourd (stuffed ghiya/lauki),93.19,4.36,5.84,5.8
ducheese potato,140.54,10.94,3.6,9.01
roast potatoes,87.32,14.52,1.53,2.35
stuffed baked potatoes,100.2,11.03,3.82,4.39
potato nests,111.62,11.05,5.71,4.77
parsley potato,119.51,13.81,1.49,6.28
creamed spinach and mushroom,419.62,3.17,2.28,44.14
fricassee of mushroom,106.66,8.13,3.65,6.63
cauliflower au gratin,145.9,9.13,4.45,10.2
vegetable and cheese pie,126.88,8.76,4.03,8.28
spinach souffle,150.18,6.27,7.36,10.52
beetroot and egg salad (chukandar aur ande ka salad),84.92,3.4,3.36,6.45
sour cream potato salad,121.9,9.05,2.89,8.13
tossed green salad,49.88,3.82,1.33,3.24
spring basket salad,160.46,11.61,3.36,11.3
cucumber and yogurt salad (kheere aur dahi ka salad),36.13,4.72,2.09,0.93
chicken and tomato towers,100.55,2.36,6.9,6.99
jellied sunshine fruit salad,48.86,4.21,5.85,0.85
tomato aspic,50.37,5.02,6.87,0.26
frozen frosty fruit salad (phalon ka salaad),103.51,15.61,1.68,4.17
french dressing,733.77,3.68,0.32,79.65
mayonnaise without eggs,329.05,3.98,2.13,33.84
curd dressing,78.8,8.03,5.59,2.9
carrot raita (gajar ka raita),64.78,7.19,4.14,2.19
pumpkin raita (kaddu ka raita),55.6,6.02,3.74,1.88
mint and peanut raita (pudinay aur moongfali ka raita),112.05,7.31,7.05,6.19
spinach raita (palak ka raita),52.75,5.06,3.95,1.86
bathua raita,54.4,5.31,4.13,1.76
pineapple raita (ananas ka raita),67.74,8.62,3.9,2.02
banana raita (kele ka raita),89.03,13.51,4.13,2.07
mango raita (aam ka raita),67.37,8.23,3.9,2.14
guava raita (amarood ka raita),64.36,7.27,4.19,2.07
grapes raita (angoor ka raita),72.59,9.66,3.98,2.07
bottle gourd kheer (ghiya/lauki kheer),84.07,10.0,2.7,3.86
pumpkin kheer (kaddu ki kheer),86.35,10.44,2.76,3.86
apple kheer (seb ki kheer),81.3,11.34,2.14,3.18
caramel custard (baked),122.7,14.95,5.11,5.01
vanilla ice cream without egg,228.67,14.21,2.69,18.15
vanilla ice cream with egg,214.85,11.71,4.16,17.02
strawberry ice cream,215.61,12.26,4.15,16.96
chocochip ice cream,241.45,16.75,4.23,17.93
choconut ice cream,273.96,23.13,5.04,18.49
pear chocholate sunday,183.49,15.02,2.08,13.11
chocolate sauce,263.2,43.21,1.91,10.39
coffee ice cream,150.62,14.09,3.15,9.43
coffee pear alaska,203.99,19.36,2.88,13.22
crunchy butterscotch,277.32,19.92,3.11,20.99
peach melba ice cream,200.85,16.31,2.06,14.51
vanilla ice cream with apples in hot cherry sauce,196.32,22.75,1.73,11.45
grape and orange whip,57.39,6.72,1.41,2.62
honey banana cream,125.49,13.64,2.78,6.68
raspberry bavarian cream,150.1,17.82,3.34,7.88
fruit delight,107.09,9.11,2.09,7.09
creamy chocolate mousse,230.52,9.53,6.85,18.16
cold lemon souffle,169.87,15.62,5.89,9.78
cold orange souffle,173.19,16.27,5.94,9.82
cold pineapple souffle,181.22,16.85,6.23,10.39
cold vanilla souffle,179.54,16.29,6.22,10.32
cold chocolate souffle,187.53,17.22,6.37,10.86
stewed fruit (with pear),74.32,18.22,0.25,0.32
apricot fool,240.79,33.64,1.54,11.35
pavlova,200.6,21.84,1.84,12.29
apple crumb pudding,220.85,35.17,1.54,8.87
steamed cake with chocolate sauce,301.91,29.06,4.49,19.01
hot lemon souffle,155.25,16.31,5.29,7.93
gulab jamun with milk powder,471.15,28.24,0.85,40.15
chum chum,130.05,28.27,1.52,1.92
dil bahar,130.05,28.27,1.52,1.92
rasbhari,130.05,28.27,1.52,1.92
rajbogh,133.7,28.16,1.71,2.28
rasgulla,118.64,25.79,1.38,1.75
rasmalai,135.55,29.17,1.61,2.11
khoa coconut burfi,411.45,36.55,9.98,26.01
danedar burfi,102.68,12.33,3.24,4.72
semolina burfi (suji/rava burfi),348.67,47.1,3.47,16.86
pumpkin coconut burfi (kaddu aur nariyal ki burfi),186.18,17.02,1.75,12.66
khoa ladoo,396.02,34.43,12.21,24.09
wheat and gram flour ladoo (atta besan ladoo),501.7,50.5,9.38,29.86
semolina ladoo with nuts (suji/rava ladoo with nuts),441.84,48.02,5.44,25.45
sesame chickpeas brittle (til aur channe ki chikki),282.74,50.49,8.5,4.66
murmura chikki,253.82,59.59,2.12,0.32
masala onion pakora/pakoda (pyaaz ke pakode),551.64,6.48,2.05,57.61
masala green chilli pakora/pakoda (hari mirch kay pakode),668.76,5.55,2.22,71.01
chicken pakora/pakoda,590.09,4.55,6.03,60.98
fish pakora/pakoda,577.03,4.55,5.97,59.52
paneer cutlet,672.2,7.62,4.59,69.38
sago cutlet/vadas (sabudana cutlet/vadas),558.76,11.23,0.56,56.97
poshtik cutlet,496.45,7.39,2.0,50.94
egg cutlet (anda cutlet),575.02,5.77,2.45,60.25
minced meat cutlet,531.86,5.61,5.1,54.47
vegetable samosa,443.11,13.22,2.21,42.22
plain urad dal vada (uzunne vada/minapa garelu/ulundu vadai/medu vada),745.5,9.7,4.39,76.32
masala urad dal vada,703.78,9.93,4.32,71.62
khaman (dhokla),54.73,5.36,1.92,2.8
instant dhokla,207.11,24.11,7.66,9.37
tomato ginger chutney (tamatar adarak ki chutney),44.66,9.11,1.05,0.32
mint tomato chutney (pudinay aur tamatar ki chutney),43.65,8.22,1.53,0.36
coriander chutney (hare dhaniye ki chutney),42.86,8.16,1.38,0.37
gooseberry chutney (amla chutney),43.02,8.83,1.44,0.62
walnut chutney (akhrot ki chutney),370.43,8.91,9.44,33.46
saunth/sonth chutney with ginger,84.22,20.62,0.28,0.11
gun powder chutney,312.34,47.65,21.55,2.67
dessicated coconut chutney (sookhe kase nariyal ki chutney),346.36,36.72,12.88,15.88
curd mint dip,76.13,9.11,4.82,2.44
curd vegetable dip,56.21,6.04,3.88,1.94
mayonnaise vegetable dip,241.27,4.8,3.01,23.44
tomato and cucumber sandwich (tamatar aur kheere ka sandwich),150.68,20.51,4.03,6.31
tomato sandwich (grilled),189.92,21.29,6.26,9.39
french sandwich (toasted),186.75,14.82,6.82,11.51
peanut butter cucumber sandwich,243.33,29.76,9.04,10.56
mint and peanut sandwich,273.59,31.83,7.18,13.88
spicy chutney sandwich,249.58,34.03,8.74,9.58
chicken walnut sandwich (chicken aur akhrot ke sandwich),285.78,22.62,12.58,16.77
rolled sandwich,293.07,34.69,6.45,15.29
ribbon sandwich,239.26,24.76,6.26,13.37
checker board sandwich,348.37,25.94,7.37,24.65
submarine sandwich,216.92,13.6,6.09,15.32
cheese open sandwich,274.07,28.42,9.84,14.24
sunset and sunrise open sandwich,241.31,18.89,8.58,15.14
danish luncheon sandwich,193.82,17.77,9.03,10.1
chicken and corn open sandwich,188.16,19.21,8.63,8.83
chocolate sponge cake,239.86,39.54,9.13,5.51
chocolate swiss roll,306.08,26.97,6.01,19.76
lemon curd filling,225.62,26.41,3.43,12.58
jam filling,184.62,46.15,0.0,0.0
chocolate pastry,243.37,32.24,7.05,10.12
assorted pastry,230.74,31.99,6.78,8.91
orange gateau,178.05,27.01,4.78,6.02
black forest gateau,217.82,30.57,5.94,8.58
lemon cake,373.85,43.1,5.29,20.63
dundee cake,396.62,41.4,7.78,22.7
victorian sandwich cake,373.09,44.74,5.18,19.83
chocolate eggless cake,312.01,43.45,6.66,13.19
orange eggless cake,355.62,52.65,7.16,13.82
chocolate glace icing,436.29,62.43,3.22,20.8
butter icing,500.72,71.64,0.19,25.37
chocolate butter icing,469.59,61.72,3.21,24.77
almond biscuit (badam ke biscuit),407.74,52.14,6.25,19.7
orange biscuit,354.78,62.11,3.63,11.01
gingerman biscuit,357.43,55.24,6.26,12.73
coffee drops,443.07,43.06,7.57,27.16
christmas biscuit,406.07,60.97,5.67,15.88
christmas wreath biscuit,386.05,58.07,5.43,15.01
christmas bell biscuit,404.85,60.79,5.66,15.84
christmas star biscuit,392.03,74.54,3.54,10.04
christmas tree biscuit,385.63,58.41,5.43,15.0
chocolate cream shells,427.17,59.26,5.1,19.34
jelly biscuit,404.61,55.24,4.23,19.33
cherry and walnut cookies,422.6,59.35,5.63,18.75
cheese straws,382.0,30.61,9.83,24.28
butterfly biscuit,341.45,25.33,9.98,22.11
flan pastry,445.8,47.84,6.72,25.04
fruit flan,261.35,34.71,3.3,12.48
orange cream flan,280.28,36.16,4.73,13.59
fruit puree tart,286.5,30.42,3.35,16.83
apple banana pie,243.99,32.12,3.13,11.39
lemon chiffon pie,259.31,27.63,4.88,14.52
orange chiffon pie,207.57,23.14,3.89,11.16
cream buns,215.74,14.16,4.45,15.81
savoury puffs,190.79,10.8,9.51,15.24
choux swans,216.34,14.92,4.35,15.6
potato aigrettes,530.03,8.01,2.35,54.24
cream horns,408.23,23.12,3.42,33.55
savoury cheese horns,295.15,21.38,5.66,20.71
paneer patties,338.58,22.79,7.6,23.96
vegetable patties,261.92,20.98,4.01,17.74
pearl millet infant food (bajra shishu aahaar),362.44,62.1,11.98,6.62
sajina,345.26,66.87,10.81,3.03
cereal mix,120.81,21.84,3.32,2.02
pulse mix,83.29,16.0,3.16,0.54
shishu ahar,93.37,17.42,2.61,1.43
cereal pulse mix with amylase rice flour,151.57,27.8,4.27,2.74
banana groundnut paste/puree,213.19,36.15,4.27,5.45
rice dal porridge (chawal dal ki khichdi/khichri),383.33,65.04,10.8,8.33
lentils and semolina porridge (dal suji porridge/daliya),117.29,23.19,3.26,1.06
spinach khichri (palak khichri/khichdi),102.18,17.35,3.43,1.91
vegetable mix,174.21,36.02,4.7,0.94
lentils and wheat porridge (dal wheat porridge/daliya ),52.54,8.36,2.71,0.94
maize porridge,89.57,15.64,2.14,1.89
spinach peanut burfi (palak aur mungfali ki burfi),105.37,13.59,3.36,4.39
split bengal gram burfi/fudge (channa dal burfi),287.36,54.63,4.65,7.09
chickpea flour cookies (sweet besan rounds/cookies),207.01,39.64,4.29,3.42
pearl millet mathri (bajra mathri),785.08,7.42,1.82,83.12
sesame biscuit (til ke biscuit),424.03,53.65,8.27,19.34
fermented bengal gram vada (khameerikrit/ufna hua channa dal ka vada),657.57,8.68,4.05,67.19
poshtik namak paras,613.39,19.52,6.49,56.58
soya chikki,423.7,62.89,7.18,15.51
besan bathua chilla/cheela,373.82,40.65,11.48,18.57
wheat flour and nuts ladoos (atta nuts ladoos),391.9,44.31,9.46,19.19
gram flour and semolina dhokla (besan suji dhokla),198.91,25.92,8.52,7.1
atta dal burfi,298.8,40.64,6.66,12.47
soya roti,283.96,40.03,9.18,9.23
poshtik khichdi/khichri,93.37,15.64,3.04,1.88
namkeen daliya,295.11,49.32,8.29,7.99
sprouts upma,316.25,44.96,9.5,10.44
semolina idli (suji/rava idli),206.39,33.67,9.34,3.47
poshtik chilla/cheela,159.53,27.47,4.85,3.04
stuffed bittergourd (dry) (bharwa karela),217.65,2.49,1.29,22.38
cauliflower potato canjee,16.79,2.63,0.57,0.39
creamed spinach,96.91,4.44,5.18,6.39
mango milkshake with ice cream (aam milkshake ice cream ke saath),68.35,9.18,1.93,2.8
pineapple milkshake with ice cream (ananas milkshake ice cream ke saath),68.49,9.33,1.93,2.75
orange milkshake with ice cream (narangi milkshake ice cream ke saath),67.82,9.15,1.95,2.75
woodapple juice (bel ka sharbat),34.18,6.51,0.63,0.7
sattu drink,23.38,5.16,0.56,0.14
apple and honey sorbet (seb aur shehad ka sharbat),121.3,30.74,0.15,0.29
thandai,101.18,9.13,3.59,5.89
cucumber sharbat (kheere ka sharbat),27.28,6.64,0.26,0.06
apple oats chia seed smoothie,85.64,13.07,3.49,2.48
nannari sharbat,88.79,23.62,0.01,0.01
semolina milk drink (thari kanji),44.16,6.93,0.98,1.36
saffron milk (kesariya doodh),102.18,12.64,3.17,4.57
black rice kheer (chak-hao kheer),147.94,22.93,4.37,4.91
coconut kheer (nariyal ki kheer),162.61,14.42,3.4,10.55
apple sago payasam (seb aur sabudana ki kheer),136.5,14.4,3.13,7.66
kesari bath,244.57,31.38,2.4,12.59
putharekulu,318.3,59.61,3.66,7.55
mango malpua,334.64,12.84,1.65,30.67
mango vanilla custard,147.63,18.41,3.43,7.04
kiwi granola pudding,280.99,32.33,5.6,15.36
oats burfi,425.19,62.47,8.89,17.27
lotus seed halwa (kamal gattay ka halwa),370.55,39.56,7.79,20.69
amaranth ladoo (rajgira ladoo),454.15,51.33,10.12,22.7
chhena poda,344.57,33.64,13.68,17.94
sweet couscous dessert,196.2,29.69,3.81,7.69
sweetened yogurt (shrikhand),107.18,16.02,5.27,2.89
thickened sweetened milk (rabri),102.79,10.55,3.52,5.35
gram flour halwa (besan halwa),276.79,25.78,5.88,17.3
prawn sandwich,169.65,11.89,10.36,9.27
watercress sandwich,229.42,28.03,5.17,11.47
fish sandwich,150.2,10.09,4.72,10.37
kidney bean sandwich with cottage cheese,176.64,18.86,9.85,6.84
finger millet biscuit (ragi biscuit),458.56,52.69,4.03,25.79
buttermilk biscuit,322.54,34.93,5.76,17.5
lemon cookies,394.48,42.19,5.63,23.02
sweet potato biscuit (shakarkand ke biscuit),296.4,38.13,5.14,13.31
raspberry shortbread cookies,441.12,61.25,3.0,21.25
pumpkin cookies,218.4,44.69,2.51,3.93
greenpea cookies,159.42,23.07,6.53,4.24
sunflower cookies,520.62,40.06,9.49,36.28
cardamom cookies (elaichi cookies),400.49,53.99,5.1,19.12
hazelnut cookies,493.32,39.44,6.25,34.97
milk cookies,459.43,48.43,10.49,24.96
cranberry cookies,272.48,36.39,3.92,12.66
olive biscuit,438.29,55.01,3.2,23.75
tutti fruitti biscuit,420.78,53.12,5.21,17.9
peach blueberry preserves,177.38,45.76,0.53,0.2
pear preserves (naashpati ka murabba),101.24,25.67,0.25,0.19
starfruit preserves,128.93,33.62,0.24,0.12
gooseberry pickle (amla ka achaar),278.58,7.61,1.55,27.61
lotus stem pickle (kamal kakdi ka achar),102.69,20.07,1.44,1.6
date pickle (khajoor ka achaar),182.29,34.66,1.68,4.21
garlic pickle (lahasun ka achar),413.62,9.75,3.72,39.88
fermented bamboo shoot pickle (mesu pickle),59.83,1.73,1.58,5.59
sweet peach pickle (aadoo ka achaar),144.64,37.01,0.46,0.2
pickled mustard greens,13.12,1.05,1.51,0.22
small onion pickle,16.86,2.76,1.65,0.64
green tomato pickle (haray tamatar ka achaar),193.26,2.87,1.23,19.67
pickled cabbage,13.69,2.56,0.39,0.14
coconut pickle (nariyal ka aachar),517.26,11.53,3.02,51.71
potato pickle (aloo ka achaar),369.14,7.87,2.07,36.46
mango murabba candy,293.35,77.32,0.27,0.05
afghani chicken,151.51,1.95,15.66,9.07
fish orly,563.7,4.27,5.87,58.18
hariyali fish tikka,150.24,2.21,14.01,9.41
chicken manchurian,142.34,6.06,9.53,11.96
handi chicken,166.02,1.49,12.32,12.46
lemon chicken,169.79,0.55,20.2,9.66
lemon butter fish,160.25,0.75,16.38,10.26
baked eggs in tomato sauce,80.05,3.78,4.92,5.22
egg in a pepper,128.78,0.17,12.64,8.68
spinach mushroom scrambled egg (palak mushroom bhurji),158.85,0.59,13.28,11.51
corn omelette/omlet,166.93,1.57,11.37,12.89
cajun chicken,184.94,1.94,12.69,13.99
paaner do pyaza,127.7,3.41,4.22,10.87
cabbage manchurian (pattagobhi manchurian),224.26,4.85,0.64,22.48
gobi 65,278.29,3.59,0.56,29.11
paneer lababdar,105.48,3.37,3.98,8.46
roasted cauliflower steak,78.68,2.02,2.05,6.7
sauteed radishes with green beans,94.32,6.04,2.41,6.61
garlic chutney/poondu chutney (lahasun ki chutney),255.51,20.44,3.34,17.55
schezwan chutney,205.19,10.79,3.33,17.72
onion chutney (pyaaz ki chutney/vengaya chutney),143.94,13.52,2.97,8.38
dates chutney (khajoor ki chutney),103.57,21.69,1.07,1.12
chicken salad,338.19,1.3,15.33,30.26
macaroni salad,262.19,21.63,5.02,17.78
cabbage raita (pattagobhi raita),84.84,5.25,3.24,5.76
pomegranate raita (anaar ka raita),72.64,7.15,4.05,3.24
onion raita (pyaaz ka raita),71.56,7.86,4.86,2.43
green chilli raita (hari mirch ka raita),77.13,7.66,5.58,2.92
kale salad,177.71,5.01,4.86,15.33
spinach and paneer souffle,186.19,9.64,7.56,13.49
masala souffle,123.51,8.02,6.38,7.37
chicken and cheese souffle,182.35,3.47,9.07,14.74
tamarind chutney (chintapandu pachadi/puli chutney),109.15,25.07,0.88,0.48
pav bhaji masala,230.47,29.15,9.13,10.96
green chutney,79.42,10.01,5.42,1.6
sago khitchdi/khichri (sabudana khitchdi/khichri),187.16,22.41,2.72,10.1
gram flour chilla/cheela (besan chilla/cheela),135.93,21.03,7.8,2.85
vegetable namkeen jave,112.23,18.98,2.93,2.51
khakhra,178.5,27.66,4.78,5.32
moong bean dosa (pesarattu),285.96,31.91,12.32,11.67
methi thepla,346.16,41.34,8.98,15.95
rice puttu (ari puttu),81.98,11.82,1.26,3.13
buckwheat pancake (khura),263.3,27.28,2.91,16.43
quinoa khichdi/khichri,64.01,8.83,3.18,1.59
khakhra chaat,358.66,16.64,4.52,30.65
banana appam,469.81,20.06,1.17,42.53
veg manchurian,585.64,6.82,0.89,61.65
pav bhaji,96.53,11.99,2.66,4.32
rice murukku,593.99,33.29,5.41,48.22
bhel puri,509.89,16.47,3.52,47.91
semolina dhokla (suji/rava dhokla),194.91,30.86,5.44,5.2
spicy corn chaat,479.8,11.45,4.61,46.55
jackfruit fritters (ponsa mulik/kathal ka pakora),597.79,24.0,2.34,54.41
banana chips (kele ke chips),665.67,7.32,0.37,70.46
wheat cake,314.63,41.13,4.79,14.95
mango cheesecake,152.46,20.06,2.39,7.3
carrot cake (gajar ka cake),255.59,35.98,5.6,10.27
semolina cake (suji/rava cake),374.14,31.32,6.58,25.18
finger millet cake (ragi cake),279.46,38.93,3.96,12.27
honey cake,333.59,49.04,3.08,14.7
almond cardamom cake (badam elaichi cake),356.35,34.53,7.18,21.36
tutti frutti cake,347.72,52.94,4.49,12.68
ham and bean soup,96.04,4.18,10.61,4.15
whey soup,68.91,6.26,3.45,3.34
bottle gourd soup (ghiya/lauki soup),23.05,1.16,0.45,1.79
baked potato soup,147.05,5.85,5.73,11.21
pumpkin soup,40.05,2.08,0.47,3.2
sweet corn soup,32.25,3.56,0.99,1.63
paneer soup,47.85,2.42,3.22,2.8
curried cauliflower soup,37.32,3.12,6.72,9.77
millet soup,55.99,8.22,11.26,12.57
lemon coriander soup,108.06,10.32,2.27,6.26
garlic soup,194.86,6.99,2.38,17.62
dal makhani,74.04,7.96,3.32,3.06
dalma,118.93,15.04,4.91,4.58
split bengal gram dal (channa dal),99.67,9.99,4.15,4.62
horsegram dal (kulthi dal),55.65,8.21,2.91,1.13
panchmel dal,111.22,10.71,4.63,5.36
dal dhokli,68.74,8.55,2.96,2.47
gujarati handvo,207.09,31.86,8.24,4.8
sev (omapodi/karapusa),609.14,12.87,5.12,60.08
papdi,708.96,12.89,1.83,72.11
jowar dosa,294.35,40.53,8.5,10.28
bread roll,435.46,16.12,2.85,40.25
soya seekh kebab,115.05,10.0,5.4,5.88
classic seasoned black beans,28.78,7.66,8.01,8.28
maa chaane ki dal,344.67,43.11,19.8,9.5
garlic chickpea soup (lahasun aur chane ka shoraba),89.53,13.92,4.45,2.01
white sauce (thin),115.17,6.58,3.31,8.41
white sauce (medium),151.27,7.98,3.36,11.76
white sauce (thick),209.69,10.24,3.43,17.19
cheese sauce,194.76,7.08,7.68,15.12
egg sauce,146.85,5.88,5.97,11.08
mushroom sauce,137.56,7.31,3.39,10.51
mustard sauce,158.58,8.29,3.98,12.17
brown sauce,109.18,5.38,11.92,23.67
classic italian pasta,42.12,4.4,0.57,2.45
pasta spinach sauce,85.46,1.76,1.76,7.9
pasta cheese sauce,149.26,9.0,4.33,10.84
mayonnaise,774.86,1.65,1.86,84.52
low calorie quick mayonnaise,242.89,4.71,1.41,24.35
thousand island dressing,407.87,4.49,1.37,42.87
curd dip,79.95,7.95,5.04,3.36
short crust pastry,422.1,44.72,6.11,23.98
choux pastry,222.37,16.2,5.55,14.96
flaky pastry,443.94,33.61,4.69,31.99
sponge cake,253.77,44.63,9.18,4.74
glace icing,323.51,86.31,0.01,0.01
royal icing,332.58,86.53,1.74,0.02
american frosting,257.57,67.48,1.05,0.01
gum icing,223.07,53.19,5.94,0.0
channa murmura premix,339.09,72.59,10.59,3.28
cracked wheat and green gram dal premix (dalia moong dal premix),362.16,64.75,15.89,5.11
rice flakes and roasted channa,333.4,71.94,10.57,2.94
spinach soup in milk,56.72,3.98,2.89,3.2
vegetable soup,55.21,7.6,2.22,1.55
mashed banana with milk,95.43,14.62,2.51,2.99
poha with curd (poha aur dahi),173.32,26.72,6.01,4.65
potato with curd,73.18,12.01,3.19,1.33
sweet wheat porridge (sweet dalia),140.66,23.77,5.11,2.79
vegetable khichdi/khichri,143.17,19.57,5.61,4.53
moong dal mixture,158.84,33.93,4.62,1.0
cracked wheat khichri/khichdi (dalia khichri/khichdi),167.45,22.35,7.56,5.52
stewed apple,91.93,22.49,0.17,0.37
lemon squash (nimbu ka squash),184.56,48.88,0.15,0.06
orange squash (santre ka squash),193.26,50.88,0.22,0.04
lichi squash,198.33,51.96,0.3,0.08
mango squash (aam ka squash),194.66,50.96,0.17,0.17
pineapple squash (ananas ka squash),195.02,51.34,0.16,0.05
lemon and ginger squash (nimbu aur adrak ka squash),170.34,44.06,0.54,0.21
apple jam (seb ka murabba),188.79,48.56,0.14,0.32
plum jam (aloo bukhara jam),178.89,46.2,0.31,0.19
pineapple jam,149.18,38.27,0.32,0.15
guava jelly (amrood ki jelly),115.74,28.18,1.11,0.25
orange marmalade (santray ka murabba),104.17,25.94,0.66,0.13
carrot murabba (gajar ka murabba),175.24,45.6,0.32,0.16
gooseberry marmalade (amla murabba),123.16,32.34,0.14,0.03
ginger candy (adrak ki candy),195.71,50.38,0.69,0.27
mango pickle (aam ka achaar),192.12,8.11,1.6,17.89
mixed vegetable pickle (sabziyoon ka achaar),211.2,7.48,1.9,19.68
sweet lemon pickle (neembu ka meetha achaar),69.54,16.87,1.22,0.21
plum chutney (aloo bukhara ki chutney),177.11,44.95,0.47,0.29
raw mango chutney (kachhe aam/kairi ki chutney),193.13,49.94,0.51,0.16
tomato sauce,34.33,7.23,0.81,0.27
tomato puree,20.62,3.68,0.75,0.25
garam masala,254.21,26.2,9.89,10.97
chat masala,222.58,23.87,8.19,9.91
kashmiri masala,389.02,23.16,8.26,31.03
rasam powder (rasam masala),267.96,25.19,12.04,11.8
sambar powder (sambar masala),297.46,23.38,12.5,15.58
tartare sauce,610.93,2.96,1.44,66.12
barbeque sauce,121.93,20.46,0.96,4.51
bread sauce,111.04,8.69,3.46,7.05
green chilli sauce,46.06,7.36,1.25,0.27
home made plain noodles,238.78,44.5,6.21,3.56
dal moong,43.69,4.92,2.2,1.62
cumin seeds baghar (jeera baghar/tadka),736.81,5.22,3.34,78.77
onion tomato baghar (pyaaz tamatar ka tadka),137.52,6.17,1.26,11.98
mustard seeds baghar (mustard seed tadka),552.59,10.45,4.73,54.3
hot cherry sauce,252.74,67.95,0.13,0.07
apple jelly (seb ki jelly),152.13,39.37,0.1,0.21
marmalade (murabba),143.76,37.64,0.23,0.04
plum squash (aloo bukhara squash),211.17,55.51,0.16,0.1
lemon green chilli pickle (nimboo aur hari mirch ka achaar),14.07,2.14,0.85,0.24
brinjal pickle (baingan ka achaar),139.01,4.23,2.24,12.98
sweet and sour tomato pickle (khatta meetha tamatar ka achaar),60.88,6.55,1.26,3.24
jhatpat achar with carrot (jhatpat achaar gajar ke saath),91.21,6.32,1.98,6.55
tomato chutney (tamatar ki chutney),176.07,31.85,0.97,6.01
tomato ketchup,33.07,6.48,0.91,0.3
bengal 5 spice blend (panch phoran),289.79,20.0,18.26,22.16
