Age,Gender,Daily Calories Consumed,Daily Caloric Surplus/Deficit,Physical Activity Level,Sleep Quality,Current Weight (kg),Final Weight (kg)
56,M,3916.0,813.7,Sedentary,Excellent,103.6004128,103.6911312
46,F,3823.0,1547.5,Very Active,Excellent,75.0241168,76.1127376
32,F,2785.4,666.0,Sedentary,Good,64.7729376,65.40796639999999
25,F,2587.3,406.0,Sedentary,Fair,65.997636,66.3605096
38,M,3312.8,849.0,Lightly Active,Good,70.533556,71.44074
56,F,2262.4,161.9,Sedentary,Poor,69.3542168,63.684316800000005
36,M,2933.4,942.1,Moderately Active,Poor,48.6704216,47.5818008
40,M,4000.0,1022.1,Moderately Active,Poor,94.3017768,78.10854239999999
28,F,3890.2,1483.4,Very Active,Poor,76.883844,73.028312
28,F,2485.8,82.5,Sedentary,Excellent,76.74776639999999,76.74776639999999
41,M,4000.0,1160.9,Very Active,Poor,88.223644,85.955684
53,M,3604.9,1387.6,Moderately Active,Excellent,62.777132800000004,63.684316800000005
57,F,2803.1,764.1,Sedentary,Excellent,66.8141016,67.358412
41,F,2845.0,361.3,Sedentary,Poor,83.32485039999999,81.9187152
20,F,3885.8,1453.6,Very Active,Poor,76.2488152,75.2055536
39,M,4000.0,1292.8,Moderately Active,Fair,81.7826376,81.96407439999999
19,M,3252.4,572.7,Sedentary,Good,76.0220192,76.5663296
41,M,4000.0,1478.7,Very Active,Poor,73.8447776,71.894332
47,M,4000.0,1006.2,Moderately Active,Fair,96.615096,96.7511736
55,M,4000.0,1156.5,Very Active,Fair,91.625584,92.5781272
19,M,3086.2,1082.5,Lightly Active,Good,45.3592,46.5838984
38,F,3274.1,468.5,Sedentary,Excellent,97.2501248,97.43156160000001
50,M,4000.0,803.6,Lightly Active,Poor,106.5034016,105.32406239999999
29,M,4000.0,976.7,Moderately Active,Good,93.893544,94.7100096
39,M,3355.7,816.3,Lightly Active,Poor,74.2076512,63.956472
42,F,2882.6,747.8,Lightly Active,Fair,67.7212856,67.9934408
44,M,4000.0,1202.9,Moderately Active,Fair,86.9989456,88.6318768
59,M,3877.8,1559.8,Very Active,Excellent,68.6738288,66.9955384
45,F,3236.0,802.7,Lightly Active,Fair,81.96407439999999,82.5991032
33,M,4000.0,1372.8,Very Active,Fair,76.79312560000001,78.7889304
32,M,4000.0,995.8,Lightly Active,Good,93.666748,95.027524
20,M,4000.0,1418.1,Very Active,Poor,71.8036136,70.80571119999999
54,M,3648.8,1252.9,Moderately Active,Poor,71.07786639999999,69.853168
24,M,3944.2,1152.0,Lightly Active,Good,82.2362296,77.791028
38,F,4000.0,1058.3,Moderately Active,Excellent,103.418976,103.82720880000001
26,F,3379.8,934.0,Lightly Active,Poor,78.1992608,77.8817464
56,F,3521.7,1375.1,Moderately Active,Fair,71.44074,73.61798160000001
35,M,4000.0,1119.0,Moderately Active,Poor,88.7679544,74.1169328
21,M,4000.0,1090.8,Lightly Active,Fair,86.862868,87.40717839999999
42,M,3352.3,1049.0,Lightly Active,Excellent,64.183268,65.8161992
31,F,3195.6,959.9,Lightly Active,Good,69.8078088,70.8964296
26,M,3803.8,806.0,Sedentary,Poor,92.0338168,89.7658568
43,M,4000.0,1287.8,Very Active,Good,82.91661760000001,84.1866752
19,F,2148.7,392.2,Sedentary,Poor,45.3592,44.5427344
37,M,3406.3,647.9,Sedentary,Fair,83.687724,81.419764
45,F,4000.0,1395.6,Moderately Active,Good,89.7204976,91.89773919999999
24,F,3225.2,1045.0,Lightly Active,Poor,65.7254808,63.185365600000004
25,F,4000.0,1370.3,Very Active,Fair,86.3185576,88.4957992
52,M,4000.0,899.6,Moderately Active,Good,102.6025104,101.8767632
31,M,3433.5,670.8,Sedentary,Good,82.5083848,83.32485039999999
34,M,3179.8,738.8,Lightly Active,Poor,68.5831104,60.191658399999994
53,M,3544.5,1167.5,Moderately Active,Poor,69.9892456,69.5356536
57,M,3378.1,860.4,Lightly Active,Poor,77.2920768,71.6221768
21,M,4000.0,1192.9,Moderately Active,Fair,82.2362296,81.7372784
19,M,3434.8,712.2,Lightly Active,Poor,77.9724648,74.6612432
23,F,3327.8,740.8,Sedentary,Good,83.91452,84.821704
59,M,4000.0,1540.3,Very Active,Good,75.1148352,77.2920768
21,F,3314.8,814.2,Sedentary,Poor,79.5600368,78.3353384
46,M,4000.0,1141.8,Very Active,Poor,90.2194488,87.7246928
35,M,3424.8,1120.5,Lightly Active,Excellent,62.6410552,63.3214432
43,M,4000.0,1383.6,Moderately Active,Good,78.6074936,80.6032984
51,F,2450.6,122.4,Sedentary,Fair,78.56213439999999,78.56213439999999
27,F,4000.0,1307.3,Very Active,Excellent,89.6297792,90.5369632
53,F,2927.5,709.0,Sedentary,Poor,74.0262144,73.3004672
31,F,4000.0,1407.6,Very Active,Poor,86.0010432,83.82380160000001
48,M,3451.7,562.2,Sedentary,Good,92.1245352,92.3966904
32,F,2724.7,888.2,Very Active,Poor,51.936284,49.3508096
25,M,4000.0,975.7,Very Active,Fair,93.0317192,89.44834239999999
31,M,3602.8,1254.6,Lightly Active,Good,63.684316800000005,64.04719039999999
40,F,3827.8,1804.5,Very Active,Poor,62.232822399999996,57.5608248
57,F,2030.9,464.4,Lightly Active,Good,45.3592,44.5880936
38,F,3734.5,1614.0,Very Active,Poor,66.1790728,65.544044
33,F,3795.2,1410.2,Moderately Active,Poor,77.0652808,71.1685848
35,F,3199.8,938.3,Moderately Active,Poor,71.894332,69.9438864
41,F,3458.1,1250.4,Moderately Active,Fair,70.80571119999999,68.40167360000001
43,F,3669.0,1666.2,Very Active,Fair,61.960667199999996,62.6410552
42,F,3730.2,1128.5,Lightly Active,Good,88.904032,89.8565752
58,M,3622.6,826.4,Lightly Active,Poor,90.1740896,88.1782848
46,F,4000.0,1553.1,Very Active,Poor,82.78054,71.8036136
32,F,2987.7,1162.2,Moderately Active,Fair,51.4373328,53.070264
18,M,4000.0,609.2,Moderately Active,Poor,108.04561439999999,105.46014
42,F,2829.4,443.8,Lightly Active,Fair,79.1064448,79.46931839999999
24,M,3911.7,1071.0,Moderately Active,Poor,84.4588304,77.8817464
26,M,2647.8,428.5,Sedentary,Good,56.7443592,57.2886696
41,F,3103.8,760.7,Lightly Active,Poor,76.9745624,71.3046624
18,M,4000.0,1167.2,Moderately Active,Poor,82.7351808,74.93339839999999
25,M,3536.0,904.5,Lightly Active,Excellent,75.2055536,75.88594160000001
41,M,3623.3,767.9,Sedentary,Fair,88.9947504,83.8691608
28,M,4000.0,951.1,Lightly Active,Poor,94.80072799999999,92.759564
34,F,2773.9,795.4,Lightly Active,Poor,58.83088239999999,55.8371752
25,M,3758.6,829.8,Lightly Active,Excellent,88.677236,89.04010960000001
52,F,2640.7,230.9,Lightly Active,Excellent,82.46302560000001,82.91661760000001
52,M,3269.5,732.2,Sedentary,Fair,77.0652808,77.791028
50,M,4000.0,1922.5,Very Active,Excellent,55.746456800000004,58.0144168
22,M,4000.0,867.3,Lightly Active,Good,97.2501248,98.33874560000001
59,M,3656.2,1033.4,Lightly Active,Excellent,82.5083848,82.78054
56,F,2756.5,1020.0,Moderately Active,Good,52.843468,48.8064992
58,F,3344.3,1155.8,Lightly Active,Fair,73.7994184,75.43234960000001
45,M,4000.0,1328.1,Moderately Active,Fair,81.55584160000001,82.46302560000001
24,M,4000.0,1169.3,Very Active,Fair,84.0052384,85.2299368
